orderId,execId,time,exchange,side,shares,symbol,price,permId,liquidation,cumQty,avgPrice
910979210,0000e0d5.5c383aed.01.01,20190111  14:37:45,BATS,BOT,100,AAPL,153.07,2094572990,0,100,153.07
910979225,0000e0d5.5c383b6b.01.01,20190111  14:38:16,ISLAND,SLD,100,AAPL,153.08,2094572991,0,100,153.08
910979228,0000e0d5.5c383b79.01.01,20190111  14:38:21,ISLAND,SLD,100,AAPL,153.06,2094572992,0,100,153.06
910979231,0000e0d5.5c383b94.01.01,20190111  14:38:26,ISLAND,SLD,100,AAPL,153.07,2094572993,0,100,153.07
910979235,0000e0d5.5c383bdd.01.01,20190111  14:38:31,IEX,SLD,100,AAPL,153.05,2094572994,0,100,153.05
910979238,0000e0d5.5c383c14.01.01,20190111  14:38:37,ISLAND,SLD,100,AAPL,153.08,2094572995,0,100,153.08
910979241,0000e0d5.5c383c59.01.01,20190111  14:38:42,IEX,SLD,100,AAPL,153.05,2094572996,0,100,153.05
910979245,0000e0d5.5c383c89.01.01,20190111  14:38:47,ISLAND,SLD,100,AAPL,153,2094572997,0,100,153
910979248,0000e0d5.5c383cbb.01.01,20190111  14:38:53,BATS,SLD,100,AAPL,153,2094572998,0,100,153
910979385,0000e0d5.5c3846e3.01.01,20190111  14:45:17,BATS,BOT,100,AAPL,153.08,2094573002,0,100,153.08
910979414,0000e0d5.5c384953.01.01,20190111  14:46:19,BATS,SLD,100,AAPL,153.08,2094573003,0,100,153.08
910979417,0000e0d5.5c38496a.01.01,20190111  14:46:24,IEX,SLD,100,AAPL,153.08,2094573004,0,100,153.08
910979420,0000e0d5.5c38497d.01.01,20190111  14:46:30,IEX,SLD,100,AAPL,153.09,2094573005,0,100,153.09
910979424,0000e0d5.5c3849db.01.01,20190111  14:46:35,ARCA,SLD,100,AAPL,153.13,2094573006,0,100,153.13
910979449,0000e22a.5c384a2c.01.01,20190111  14:52:17,ISLAND,BOT,200,SQQQ,14.75,2094573007,0,200,14.75
910979611,0000e22a.5c38510c.01.01,20190111  14:58:13,EDGEA,SLD,200,SQQQ,14.68,2094573008,0,200,14.68
910979614,0000e22a.5c385117.01.01,20190111  14:58:18,EDGEA,SLD,200,SQQQ,14.68,2094573009,0,200,14.68
910979756,0000e22a.5c385782.01.01,20190111  15:03:23,IBKRATS,BOT,100,NFLX,335.48,2094573015,0,100,335.48
910979773,0000e0d5.5c385f8b.01.01,20190111  15:03:29,ISLAND,BOT,100,AAPL,153.27,2094573016,0,100,153.27
910979783,0000e22a.5c38579d.01.01,20190111  15:03:35,IEX,BOT,100,TSLA,340.74,2094573017,0,100,340.74
910979854,0000e22a.5c38582a.01.01,20190111  15:04:07,IBKRATS,SLD,100,TSLA,340.2,2094573019,0,100,340.2
910979858,0000e0d5.5c386057.01.01,20190111  15:04:09,IEX,SLD,100,AAPL,153.15,2094573021,0,100,153.15
910979868,0000e22a.5c38584c.01.01,20190111  15:04:15,IBKRATS,SLD,100,TSLA,339.8,2094573023,0,100,339.8
910979872,0000e0d5.5c38606c.01.01,20190111  15:04:15,NYSE,BOT,100,AAPL,153.13,2094573024,0,100,153.13
910979889,0000e0d5.5c38609c.01.01,20190111  15:04:22,ARCA,SLD,100,AAPL,153.13,2094573026,0,100,153.13
910979904,0000e0d5.5c3860aa.01.01,20190111  15:04:28,ISLAND,BOT,100,AAPL,153.11,2094573028,0,100,153.11
910979944,0000e22a.5c3858c7.01.01,20190111  15:04:47,IEX,BOT,100,TSLA,339.88,2094573029,0,100,339.88
910979948,0000e0d5.5c3860c7.01.01,20190111  15:04:49,ISLAND,SLD,100,AAPL,153.09,2094573030,0,100,153.09
910979958,0000e22a.5c3858e7.01.01,20190111  15:04:55,IBKRATS,SLD,100,TSLA,339.53,2094573031,0,100,339.53
910979962,0000e0d5.5c3860f7.01.01,20190111  15:04:55,ISLAND,BOT,100,AAPL,153.06,2094573032,0,100,153.06
910979989,0000e0d5.5c38612d.01.01,20190111  15:05:07,IEX,SLD,100,AAPL,153.06,2094573033,0,100,153.06
910980002,0000e0d5.5c386156.01.01,20190111  15:05:14,BATS,BOT,100,AAPL,153.06,2094573034,0,100,153.06
910980026,0000e22a.5c38598b.01.01,20190111  15:05:26,BEX,BOT,100,TSLA,339.99,2094573035,0,100,339.99
910980030,0000e0d5.5c386197.01.01,20190111  15:05:26,ISLAND,SLD,100,AAPL,153.05,2094573036,0,100,153.05
910980042,0000e22a.5c385993.01.01,20190111  15:05:32,BEX,BOT,100,TSLA,339.95,2094573037,0,100,339.95
910980046,0000e0d5.5c3861c4.01.01,20190111  15:05:34,NYSE,SLD,100,AAPL,153.04,2094573038,0,100,153.04
910980060,0000e22a.5c3859a7.01.01,20190111  15:05:40,IBKRATS,SLD,100,TSLA,339.8,2094573039,0,100,339.8
910980067,0000e22a.5c385d20.01.01,20190111  15:10:24,BATS,BOT,50,TSLA,340.94,2094573054,0,50,340.94
910980070,0000e22a.5c385d25.01.01,20190111  15:10:26,ISLAND,BOT,50,TSLA,340.95,2094573055,0,50,340.95
910980073,0000e22a.5c385d26.01.01,20190111  15:10:26,ISLAND,BOT,50,TSLA,340.95,2094573056,0,50,340.95
910990187,0000e22a.5c385ee8.01.01,20190111  15:12:51,BEX,BOT,50,TSLA,341.4,2094573061,0,50,341.4
910990197,0000e22a.5c385f11.01.01,20190111  15:13:02,IBKRATS,BOT,100,NFLX,335.4,2094573062,0,100,335.4
910990207,0000e22a.5c385f43.01.01,20190111  15:13:09,NYSE,BOT,100,QQQ,160.49,2094573063,0,100,160.49
910991250,0000e22a.5c3863d8.01.01,20190111  15:17:56,IBKRATS,BOT,50,TSLA,341.93,2094573077,0,50,341.93
910991296,0000e22a.5c3867fc.01.01,20190111  15:21:02,BYX,BOT,100,NFLX,336.85,2094573078,0,100,336.85
910991317,0000e22a.5c386857.01.01,20190111  15:22:04,CHX,BOT,200,QQQ,160.45,2094573079,0,200,160.45
910991333,0000e22a.5c3869f6.01.01,20190111  15:24:06,IBKRATS,SLD,50,TSLA,341.52,2094573080,0,50,341.52
910991342,0000e0d5.5c3872fb.01.01,20190111  15:24:07,DRCTEDGE,BOT,100,AAPL,152.74,2094573081,0,100,152.74
910991342,0000e0d5.5c3872fc.01.01,20190111  15:24:07,DRCTEDGE,BOT,100,AAPL,152.74,2094573081,0,200,152.74
910991348,0000e22a.5c3869fa.01.01,20190111  15:24:07,ISLAND,SLD,200,QQQ,160.39,2094573082,0,200,160.39
910991352,0000e22a.5c386a9f.01.01,20190111  15:25:07,IEX,SLD,50,TSLA,341.62,2094573083,0,50,341.62
910991364,0000e22a.5c386aa2.01.01,20190111  15:25:08,BYX,SLD,100,QQQ,160.33,2094573084,0,100,160.33
910991364,0000e22a.5c386aa3.01.01,20190111  15:25:08,ARCA,SLD,100,QQQ,160.33,2094573084,0,200,160.33
910991371,0000e22a.5c386baf.01.01,20190111  15:26:09,IBKRATS,SLD,100,NFLX,335.83,2094573085,0,100,335.83
910991375,0000e0d5.5c38741a.01.01,20190111  15:26:09,ISLAND,SLD,100,AAPL,152.64,2094573086,0,100,152.64
910991375,0000e0d5.5c38741b.01.01,20190111  15:26:09,ISLAND,SLD,100,AAPL,152.63,2094573086,0,200,152.635
910991385,0000e22a.5c386c55.01.01,20190111  15:27:10,IBKRATS,SLD,100,NFLX,335.56,2094573087,0,100,335.56
910991389,0000e0d5.5c387502.01.01,20190111  15:27:11,ARCA,SLD,200,AAPL,152.37,2094573088,0,200,152.37
910991460,0000e22a.5c38717e.01.01,20190111  15:33:19,BEX,BOT,50,TSLA,340.91,2094573089,0,50,340.91
910991475,0000e22a.5c38726d.01.01,20190111  15:34:21,PSX,BOT,50,TSLA,341.39,2094573090,0,50,341.39
910991479,0000e22a.5c38726e.01.01,20190111  15:34:21,IBKRATS,BOT,100,NFLX,336.85,2094573091,0,100,336.85
910991485,0000e0d5.5c387a52.01.01,20190111  15:34:21,IEX,BOT,200,AAPL,152.5,2094573092,0,200,152.5
910991489,0000e22a.5c387272.01.01,20190111  15:34:22,CHX,BOT,200,QQQ,160.08,2094573093,0,200,160.08
910991498,0000e22a.5c387321.01.01,20190111  15:35:23,BEX,BOT,100,NFLX,337.17,2094573094,0,100,337.17
910991502,0000e0d5.5c387b13.01.01,20190111  15:35:25,ARCA,BOT,100,AAPL,152.47,2094573095,0,100,152.47
910991506,0000e22a.5c387329.01.01,20190111  15:35:25,CHX,BOT,200,QQQ,160.14,2094573096,0,200,160.14
910991502,0000e0d5.5c387b14.01.01,20190111  15:35:26,IEX,BOT,100,AAPL,152.51,2094573095,0,200,152.49
910991586,0000e22a.5c3876ed.01.01,20190111  15:42:33,IBKRATS,SLD,50,TSLA,341.32,2094573129,0,50,341.32
910991590,0000e22a.5c3876ee.01.01,20190111  15:42:34,IBKRATS,SLD,100,NFLX,337.69,2094573130,0,100,337.69
910991594,0000e0d5.5c387fbe.01.01,20190111  15:42:34,IEX,SLD,200,AAPL,152.39,2094573131,0,200,152.39
910991598,0000e22a.5c3876ef.01.01,20190111  15:42:35,BYX,SLD,100,QQQ,160.16,2094573132,0,100,160.16
910991598,0000e22a.5c3876f0.01.01,20190111  15:42:35,ISLAND,SLD,100,QQQ,160.16,2094573132,0,200,160.16
910991602,0000e22a.5c387832.01.01,20190111  15:43:35,IBKRATS,BOT,50,TSLA,342.32,2094573152,0,50,342.32
910991606,0000e22a.5c387835.01.01,20190111  15:43:36,IBKRATS,BOT,100,NFLX,338.43,2094573153,0,100,338.43
910991610,0000e0d5.5c38805a.01.01,20190111  15:43:37,IEX,SLD,100,AAPL,152.7,2094573154,0,100,152.7
910991610,0000e0d5.5c38805b.01.01,20190111  15:43:37,IEX,SLD,100,AAPL,152.7,2094573154,0,200,152.7
910991614,0000e22a.5c387836.01.01,20190111  15:43:37,ISLAND,SLD,100,QQQ,160.39,2094573155,0,100,160.39
910991614,0000e22a.5c387837.01.01,20190111  15:43:37,DRCTEDGE,SLD,100,QQQ,160.39,2094573155,0,200,160.39
910991626,0000e0d5.5c388105.01.01,20190111  15:44:38,ISLAND,BOT,100,AAPL,152.73,2094573173,0,100,152.73
910991626,0000e0d5.5c388106.01.01,20190111  15:44:38,IEX,BOT,100,AAPL,152.73,2094573173,0,200,152.73
910991633,0000e22a.5c387911.01.01,20190111  15:45:39,IBKRATS,SLD,50,TSLA,342.01,2094573176,0,50,342.01
910991642,0000e0d5.5c3881ca.01.01,20190111  15:45:40,BATS,BOT,200,AAPL,152.73,2094573177,0,200,152.73
910991646,0000e22a.5c387913.01.01,20190111  15:45:40,CHX,BOT,200,QQQ,160.34,2094573178,0,200,160.34
910991647,0000e22a.5c38799f.01.01,20190111  15:46:35,IBKRATS,SLD,100,NFLX,338.4,2094573179,0,100,338.4
910991648,0000e0d5.5c388227.01.01,20190111  15:46:36,BATS,SLD,100,AAPL,152.68,2094573180,0,100,152.68
910991648,0000e0d5.5c38822b.01.01,20190111  15:46:37,BATS,SLD,100,AAPL,152.67,2094573180,0,200,152.675
910991652,0000e22a.5c387a4a.01.01,20190111  15:48:16,IBKRATS,BOT,100,TSLA,342.12,2094573181,0,100,342.12
910991656,0000e22a.5c387a4d.01.01,20190111  15:48:18,IBKRATS,BOT,100,NFLX,338.16,2094573182,0,100,338.16
910991660,0000e0d5.5c388300.01.01,20190111  15:48:19,BATS,BOT,100,AAPL,152.75,2094573183,0,100,152.75
910991664,0000e22a.5c387a4e.01.01,20190111  15:48:19,ISLAND,BOT,100,QQQ,160.39,2094573184,0,100,160.39
910991665,0000e22a.5c387a8a.01.01,20190111  15:48:48,IBKRATS,SLD,100,TSLA,341.87,2094573185,0,100,341.87
910991666,0000e22a.5c387a8c.01.01,20190111  15:48:48,DRCTEDGE,SLD,100,NFLX,337.83,2094573186,0,100,337.83
910991667,0000e0d5.5c388331.01.01,20190111  15:48:48,BEX,SLD,100,AAPL,152.74,2094573187,0,100,152.74
910991668,0000e22a.5c387a8d.01.01,20190111  15:48:48,ISLAND,SLD,100,QQQ,160.37,2094573188,0,100,160.37
910991672,0000e22a.5c387b13.01.01,20190111  15:49:55,IBKRATS,BOT,100,TSLA,341.89,2094573189,0,100,341.89
910991683,0000e0d5.5c38841d.01.01,20190111  15:49:56,BEX,BOT,100,AAPL,152.77,2094573190,0,100,152.77
910991699,0000e22a.5c387b16.01.01,20190111  15:49:57,BEX,BOT,100,NFLX,338.02,2094573191,0,100,338.02
910991703,0000e0d5.5c38841f.01.01,20190111  15:49:59,BATS,BOT,100,AAPL,152.76,2094573192,0,100,152.76
910991707,0000e22a.5c387b3d.01.01,20190111  15:50:02,EDGEA,BOT,100,QQQ,160.35,2094573193,0,100,160.35
910991711,0000e22a.5c387be6.01.01,20190111  15:50:32,IBKRATS,SLD,100,TSLA,341.51,2094573194,0,100,341.51
910991718,0000e0d5.5c388470.01.01,20190111  15:50:35,ISLAND,SLD,100,AAPL,152.56,2094573195,0,100,152.56
910991725,0000e22a.5c387bea.01.01,20190111  15:50:36,IBKRATS,BOT,100,TSLA,341.73,2094573196,0,100,341.73
910991740,0000e22a.5c387c08.01.01,20190111  15:50:39,IBKRATS,BOT,100,NFLX,337.41,2094573197,0,100,337.41
910991744,0000e0d5.5c38847f.01.01,20190111  15:50:41,IEX,BOT,100,AAPL,152.53,2094573198,0,100,152.53
910991751,0000e22a.5c387c7f.01.01,20190111  15:51:14,IBKRATS,SLD,100,TSLA,341.52,2094573199,0,100,341.52
910991758,0000e0d5.5c3884e2.01.01,20190111  15:51:14,IEX,SLD,100,AAPL,152.53,2094573200,0,100,152.53
910991782,0000e0d5.5c3884f3.01.01,20190111  15:51:18,ISLAND,SLD,100,AAPL,152.56,2094573201,0,100,152.56
910991818,0000e0d5.5c38853b.01.01,20190111  15:51:55,ISLAND,SLD,100,AAPL,152.57,2094573202,0,100,152.57
910991839,0000e22a.5c387ce3.01.01,20190111  15:52:29,IBKRATS,SLD,100,TSLA,341.86,2094573203,0,100,341.86
910991875,0000e22a.5c387d1b.01.01,20190111  15:53:06,IBKRATS,BOT,100,TSLA,341.43,2094573204,0,100,341.43
910991913,0000e22a.5c387d64.01.01,20190111  15:53:42,IBKRATS,SLD,100,TSLA,341.13,2094573205,0,100,341.13
910991947,0000e22a.5c387d92.01.01,20190111  15:54:17,IBKRATS,SLD,100,TSLA,341.13,2094573206,0,100,341.13
910992043,0000e0d5.5c3886fd.01.01,20190111  15:55:29,DRCTEDGE,BOT,100,AAPL,152.86,2094573212,0,100,152.86
910992047,0000e22a.5c387ea1.01.01,20190111  15:55:32,ISLAND,BOT,100,QQQ,160.49,2094573213,0,100,160.49
910992080,0000e0d5.5c38876c.01.01,20190111  15:56:04,ISLAND,BOT,100,AAPL,152.88,2094573214,0,100,152.88
910992087,0000e22a.5c387f15.01.01,20190111  15:56:35,BEX,BOT,100,TSLA,342.5,2094573215,0,100,342.5
910992091,0000e22a.5c387f24.01.01,20190111  15:56:37,IBKRATS,BOT,100,NFLX,337.96,2094573216,0,100,337.96
910992095,0000e0d5.5c3887a5.01.01,20190111  15:56:38,BATS,BOT,100,AAPL,152.88,2094573217,0,100,152.88
910992101,0000e22a.5c387f28.01.01,20190111  15:56:38,ISLAND,BOT,100,QQQ,160.49,2094573218,0,100,160.49
910992121,0000e22a.5c387f2a.01.01,20190111  15:56:39,BATS,SLD,100,NFLX,337.75,2094573219,0,100,337.75
910992131,0000e22a.5c387f71.01.01,20190111  15:57:12,BEX,BOT,100,TSLA,342.6,2094573220,0,100,342.6
910992140,0000e0d5.5c3887f5.01.01,20190111  15:57:13,IEX,BOT,100,AAPL,152.93,2094573221,0,100,152.93
910992150,0000e22a.5c387f78.01.01,20190111  15:57:16,IBKRATS,SLD,100,NFLX,337.9,2094573222,0,100,337.9
910992160,0000e22a.5c387f7e.01.01,20190111  15:57:19,IBKRATS,BOT,100,NFLX,338.05,2094573223,0,100,338.05
910992185,0000e22a.5c387fb6.01.01,20190111  15:57:53,BEX,SLD,100,NFLX,337.32,2094573224,0,100,337.32
910992218,0000e22a.5c388015.01.01,20190111  15:58:28,EDGEA,BOT,100,TSLA,342.34,2094573225,0,100,342.34
910992224,0000e22a.5c388016.01.01,20190111  15:58:29,ARCA,BOT,100,NFLX,337.05,2094573226,0,100,337.05
910992228,0000e0d5.5c3888b1.01.01,20190111  15:58:31,IEX,SLD,100,AAPL,152.88,2094573227,0,100,152.88
910992256,0000e22a.5c388058.01.01,20190111  15:59:06,IBKRATS,SLD,100,TSLA,342.06,2094573228,0,100,342.06
910992260,0000e22a.5c388059.01.01,20190111  15:59:06,IBKRATS,SLD,100,NFLX,337.27,2094573229,0,100,337.27
910992264,0000e0d5.5c3888f0.01.01,20190111  15:59:09,IEX,BOT,100,AAPL,152.95,2094573230,0,100,152.95
910992318,0000e22a.5c388213.01.01,20190111  16:00:16,BEX,SLD,100,NFLX,337.5,2094573233,0,100,337.5
910992354,0000e22a.5c388282.01.01,20190111  16:00:54,IBKRATS,BOT,100,NFLX,337.62,2094573235,0,100,337.62
910992390,0000e22a.5c388313.01.01,20190111  16:01:29,BEX,SLD,100,NFLX,336.82,2094573236,0,100,336.82
910992394,0000e0d5.5c388ba4.01.01,20190111  16:01:30,ISLAND,SLD,100,AAPL,152.77,2094573237,0,100,152.77
910992421,0000e22a.5c388316.01.01,20190111  16:01:31,ARCA,SLD,100,NFLX,336.81,2094573238,0,100,336.81
910992430,0000e22a.5c388317.01.01,20190111  16:01:32,ISLAND,SLD,100,QQQ,160.38,2094573239,0,100,160.38
910992437,0000e22a.5c38835e.01.01,20190111  16:02:02,EDGEA,SLD,100,NFLX,337.2,2094573240,0,100,337.2
910992441,0000e0d5.5c388bf9.01.01,20190111  16:02:03,NYSE,BOT,100,AAPL,152.75,2094573241,0,100,152.75
910992462,0000e22a.5c388367.01.01,20190111  16:02:07,IBKRATS,BOT,100,NFLX,337.2,2094573242,0,100,337.2
910992469,0000e22a.5c38836a.01.01,20190111  16:02:09,NYSE,BOT,100,QQQ,160.43,2094573243,0,100,160.43
910992481,0000e0d5.5c388c7c.01.01,20190111  16:02:40,BATS,SLD,100,AAPL,152.73,2094573244,0,100,152.73
910992485,0000e22a.5c3883a7.01.01,20190111  16:02:40,EDGEA,SLD,100,QQQ,160.47,2094573245,0,100,160.47
910992518,0000e0d5.5c388cbf.01.01,20190111  16:03:15,ARCA,SLD,100,AAPL,152.67,2094573247,0,100,152.67
910992522,0000e22a.5c388422.01.01,20190111  16:03:17,EDGEA,SLD,100,QQQ,160.48,2094573248,0,100,160.48
910992526,0000e22a.5c388425.01.01,20190111  16:03:20,IBKRATS,BOT,100,TSLA,342.43,2094573249,0,100,342.43
910992560,0000e0d5.5c388d1b.01.01,20190111  16:03:56,IEX,BOT,100,AAPL,152.63,2094573252,0,100,152.63
910992567,0000e22a.5c388484.01.01,20190111  16:03:59,IBKRATS,BOT,100,TSLA,342.49,2094573253,0,100,342.49
910992594,0000e22a.5c3884e4.01.01,20190111  16:04:34,ISLAND,BOT,100,NFLX,337.01,2094573254,0,100,337.01
910992600,0000e0d5.5c388dd5.01.01,20190111  16:04:34,ISLAND,BOT,100,AAPL,152.58,2094573255,0,100,152.58
910992611,0000e22a.5c3884e6.01.01,20190111  16:04:35,IEX,SLD,100,TSLA,342.65,2094573256,0,100,342.65
910992615,0000e22a.5c3884e7.01.01,20190111  16:04:35,BEX,BOT,100,NFLX,336.97,2094573257,0,100,336.97
910992636,0000e22a.5c38851f.01.01,20190111  16:05:07,PSX,SLD,100,TSLA,342.53,2094573258,0,100,342.53
910992642,0000e22a.5c388520.01.01,20190111  16:05:08,ISLAND,SLD,100,NFLX,336.94,2094573259,0,100,336.94
910992646,0000e0d5.5c388e18.01.01,20190111  16:05:11,IEX,SLD,100,AAPL,152.35,2094573260,0,100,152.35
910992653,0000e22a.5c388526.01.01,20190111  16:05:13,IBKRATS,BOT,100,TSLA,342.72,2094573261,0,100,342.72
910992659,0000e22a.5c388527.01.01,20190111  16:05:14,ISLAND,SLD,100,NFLX,336.94,2094573262,0,100,336.94
910992669,0000e22a.5c38852a.01.01,20190111  16:05:17,BEX,SLD,100,NFLX,336.94,2094573263,0,100,336.94
910992679,0000e22a.5c388562.01.01,20190111  16:05:50,IBKRATS,BOT,100,TSLA,343.18,2094573264,0,100,343.18
910992686,0000e0d5.5c388e6e.01.01,20190111  16:05:53,IEX,SLD,100,AAPL,152.31,2094573265,0,100,152.31
910992709,0000e22a.5c388567.01.01,20190111  16:05:55,BEX,SLD,100,NFLX,337.14,2094573266,0,100,337.14
910992713,0000e0d5.5c388e72.01.01,20190111  16:05:55,BEX,SLD,100,AAPL,152.31,2094573267,0,100,152.31
910992719,0000e22a.5c38856b.01.01,20190111  16:05:57,CHX,SLD,100,QQQ,160.37,2094573268,0,100,160.37
910992737,0000e22a.5c3885e6.01.01,20190111  16:06:29,IEX,SLD,100,TSLA,342.94,2094573269,0,100,342.94
910992741,0000e22a.5c3885ea.01.01,20190111  16:06:31,IBKRATS,BOT,100,NFLX,337.25,2094573270,0,100,337.25
910992754,0000e0d5.5c388efb.01.01,20190111  16:06:32,ISLAND,BOT,100,AAPL,152.26,2094573271,0,100,152.26
910992758,0000e22a.5c3885f5.01.01,20190111  16:06:35,CHX,BOT,100,QQQ,160.29,2094573272,0,100,160.29
910992776,0000e22a.5c388627.01.01,20190111  16:07:06,IEX,SLD,100,TSLA,342.81,2094573273,0,100,342.81
910992780,0000e22a.5c388628.01.01,20190111  16:07:06,IBKRATS,BOT,100,NFLX,337.44,2094573274,0,100,337.44
910992797,0000e0d5.5c388f7b.01.01,20190111  16:07:07,ISLAND,SLD,100,AAPL,152.21,2094573275,0,100,152.21
910992816,0000e22a.5c388653.01.01,20190111  16:07:39,IBKRATS,BOT,100,TSLA,343.4,2094573276,0,100,343.4
910992831,0000e22a.5c388658.01.01,20190111  16:07:42,IBKRATS,BOT,100,NFLX,337.34,2094573277,0,100,337.34
910992837,0000e0d5.5c388fa7.01.01,20190111  16:07:43,IEX,BOT,100,AAPL,152.23,2094573278,0,100,152.23
910992843,0000e22a.5c38865c.01.01,20190111  16:07:45,NYSE,SLD,100,QQQ,160.3,2094573279,0,100,160.3
910992861,0000e22a.5c38867d.01.01,20190111  16:08:19,IBKRATS,BOT,100,TSLA,343.59,2094573282,0,100,343.59
910992874,0000e22a.5c38867f.01.01,20190111  16:08:22,ISLAND,SLD,100,NFLX,337.23,2094573283,0,100,337.23
910992881,0000e22a.5c388682.01.01,20190111  16:08:25,ISLAND,BOT,100,QQQ,160.37,2094573284,0,100,160.37
910992927,0000e22a.5c38871f.01.01,20190111  16:09:30,BEX,BOT,100,NFLX,337.61,2094573289,0,100,337.61
910992940,0000e22a.5c388722.01.01,20190111  16:09:33,IBKRATS,SLD,100,NFLX,337.55,2094573290,0,100,337.55
910992944,0000e0d5.5c38906e.01.01,20190111  16:09:36,ARCA,SLD,100,AAPL,152.16,2094573291,0,100,152.16
910992965,0000e22a.5c3887c6.01.01,20190111  16:10:12,BEX,BOT,100,NFLX,337.5,2094573296,0,100,337.5
910992980,0000e22a.5c3887c7.01.01,20190111  16:10:15,BEX,BOT,100,NFLX,337.5,2094573297,0,100,337.5
910992984,0000e0d5.5c3890af.01.01,20190111  16:10:17,ARCA,SLD,100,AAPL,152.16,2094573298,0,100,152.16
910992994,0000e0d5.5c3890b8.01.01,20190111  16:10:20,ISLAND,SLD,100,AAPL,152.18,2094573299,0,100,152.18
910993017,0000e22a.5c388823.01.01,20190111  16:10:52,IBKRATS,SLD,100,TSLA,343.46,2094573300,0,100,343.46
910993021,0000e22a.5c38882a.01.01,20190111  16:10:54,IBKRATS,SLD,100,NFLX,337,2094573301,0,100,337
910993034,0000e0d5.5c389142.01.01,20190111  16:10:58,ISLAND,SLD,100,AAPL,152.03,2094573302,0,100,152.03
910993044,0000e22a.5c388871.01.01,20190111  16:11:31,IBKRATS,SLD,100,NFLX,336.58,2094573303,0,100,336.58
910993056,0000e22a.5c388879.01.01,20190111  16:11:34,IBKRATS,BOT,100,TSLA,343.34,2094573304,0,100,343.34
910993060,0000e22a.5c38887e.01.01,20190111  16:11:36,BEX,BOT,100,NFLX,336.85,2094573305,0,100,336.85
910993082,0000e22a.5c3888bc.01.01,20190111  16:12:10,IBKRATS,SLD,100,NFLX,336.44,2094573309,0,100,336.44
910993095,0000e22a.5c3888c3.01.01,20190111  16:12:13,IBKRATS,SLD,100,NFLX,336.44,2094573310,0,100,336.44
910993102,0000e22a.5c3888d0.01.01,20190111  16:12:16,EDGEA,SLD,100,QQQ,160.09,2094573311,0,100,160.09
910993131,0000e22a.5c388921.01.01,20190111  16:12:50,IBKRATS,SLD,100,TSLA,342.7,2094573318,0,100,342.7
910993135,0000e22a.5c388935.01.01,20190111  16:12:53,ISLAND,BOT,100,NFLX,336.32,2094573319,0,100,336.32
910993142,0000e22a.5c388962.01.01,20190111  16:12:55,NYSE,SLD,100,QQQ,159.99,2094573320,0,100,159.99
910993155,0000e22a.5c388994.01.01,20190111  16:13:29,IBKRATS,SLD,100,TSLA,343.16,2094573321,0,100,343.16
910993168,0000e22a.5c388995.01.01,20190111  16:13:30,IBKRATS,BOT,100,TSLA,343.31,2094573322,0,100,343.31
910993172,0000e22a.5c388998.01.01,20190111  16:13:33,IBKRATS,SLD,100,NFLX,336.19,2094573323,0,100,336.19
910993190,0000e22a.5c38899a.01.01,20190111  16:13:34,IEX,SLD,100,QQQ,160.02,2094573324,0,100,160.02
910993194,0000e22a.5c3889aa.01.01,20190111  16:14:05,IBKRATS,SLD,100,TSLA,342.85,2094573325,0,100,342.85
910993210,0000e22a.5c3889b2.01.01,20190111  16:14:08,IBKRATS,SLD,100,NFLX,336.54,2094573326,0,100,336.54
910993228,0000e22a.5c3889b7.01.01,20190111  16:14:12,ISLAND,SLD,100,QQQ,160.1,2094573327,0,100,160.1
910993337,0000e0d5.5c38935a.01.01,20190111  16:15:52,ISLAND,BOT,100,AAPL,152.14,2094573329,0,100,152.14
910993352,0000e0d5.5c38938d.01.01,20190111  16:16:25,NYSE,BOT,100,AAPL,152.12,2094573332,0,100,152.12
910993374,0000e0d5.5c389391.01.01,20190111  16:16:29,ISLAND,SLD,100,AAPL,152.13,2094573333,0,100,152.13
910993378,0000e22a.5c388a99.01.01,20190111  16:16:32,CHX,BOT,100,QQQ,160.15,2094573334,0,100,160.15
910993390,0000e0d5.5c3893c4.01.01,20190111  16:17:03,BEX,SLD,100,AAPL,152.14,2094573335,0,100,152.14
910993394,0000e22a.5c388ae0.01.01,20190111  16:17:05,EDGEA,BOT,100,QQQ,160.18,2094573336,0,100,160.18
910993416,0000e22a.5c388ae7.01.01,20190111  16:17:09,CHX,BOT,100,QQQ,160.12,2094573337,0,100,160.12
910993425,0000e22a.5c388b19.01.01,20190111  16:17:40,ARCA,BOT,100,NFLX,336.5,2094573338,0,100,336.5
910993431,0000e0d5.5c3893e5.01.01,20190111  16:17:40,ISLAND,BOT,100,AAPL,152.13,2094573339,0,100,152.13
910993437,0000e22a.5c388b1a.01.01,20190111  16:17:41,EDGEA,SLD,100,QQQ,160.12,2094573340,0,100,160.12
910993465,0000e22a.5c388b21.01.01,20190111  16:17:44,EDGEA,SLD,100,QQQ,160.13,2094573341,0,100,160.13
910993472,0000e22a.5c388b55.01.01,20190111  16:18:15,ARCA,BOT,100,NFLX,336.74,2094573342,0,100,336.74
910993476,0000e0d5.5c38942d.01.01,20190111  16:18:17,ISLAND,BOT,100,AAPL,152.2,2094573343,0,100,152.2
910993480,0000e22a.5c388b5a.01.01,20190111  16:18:20,CHX,BOT,100,QQQ,160.2,2094573344,0,100,160.2
910993512,0000e22a.5c388b5f.01.01,20190111  16:18:26,BYX,SLD,100,QQQ,160.18,2094573345,0,100,160.18
910993527,0000e22a.5c388b73.01.01,20190111  16:18:57,CHX,BOT,100,QQQ,160.25,2094573349,0,100,160.25
910993533,0000e22a.5c388b74.01.01,20190111  16:18:58,IBKRATS,SLD,100,TSLA,342.04,2094573350,0,100,342.04
910993539,0000e22a.5c388b7d.01.01,20190111  16:19:00,BEX,BOT,100,NFLX,336.67,2094573351,0,100,336.67
910993572,0000e22a.5c388bb9.01.01,20190111  16:19:35,IBKRATS,BOT,100,TSLA,342.01,2094573352,0,100,342.01
910993576,0000e22a.5c388bbd.01.01,20190111  16:19:38,IBKRATS,SLD,100,NFLX,336.24,2094573353,0,100,336.24
910993592,0000e22a.5c388bc3.01.01,20190111  16:19:41,ISLAND,BOT,100,QQQ,160.23,2094573354,0,100,160.23
910993601,0000e22a.5c388bfe.01.01,20190111  16:20:12,IBKRATS,SLD,100,NFLX,335.66,2094573355,0,100,335.66
910993633,0000e22a.5c388c04.01.01,20190111  16:20:17,ISLAND,SLD,100,QQQ,160.14,2094573356,0,100,160.14
910993640,0000e22a.5c388c1a.01.01,20190111  16:20:48,IBKRATS,SLD,100,NFLX,335.88,2094573357,0,100,335.88
910993659,0000e22a.5c388c1b.01.01,20190111  16:20:49,ISLAND,BOT,100,NFLX,335.97,2094573358,0,100,335.97
910993692,0000e22a.5c388c6d.01.01,20190111  16:21:25,IBKRATS,SLD,100,TSLA,341.69,2094573361,0,100,341.69
910993698,0000e22a.5c388c6e.01.01,20190111  16:21:25,IBKRATS,SLD,100,NFLX,335.66,2094573362,0,100,335.66
910993731,0000e22a.5c388c9d.01.01,20190111  16:22:01,IBKRATS,SLD,100,TSLA,341.76,2094573363,0,100,341.76
910993761,0000e0d5.5c3896be.01.01,20190111  16:22:33,ISLAND,SLD,100,AAPL,151.96,2094573364,0,100,151.96
910993797,0000e0d5.5c389701.01.01,20190111  16:23:09,ISLAND,SLD,100,AAPL,151.92,2094573365,0,100,151.92
910993801,0000e22a.5c388cef.01.01,20190111  16:23:11,ISLAND,SLD,100,QQQ,160.08,2094573366,0,100,160.08
910993835,0000e22a.5c388d44.01.01,20190111  16:23:45,BYX,SLD,100,QQQ,160.11,2094573369,0,100,160.11
910993858,0000e0d5.5c38973f.01.01,20190111  16:23:48,ARCA,BOT,100,AAPL,151.94,2094573370,0,100,151.94
910993865,0000e22a.5c388d70.01.01,20190111  16:24:21,ISLAND,BOT,100,TSLA,342.5,2094573372,0,100,342.5
910993897,0000e0d5.5c3897c5.01.01,20190111  16:24:26,ARCA,BOT,100,AAPL,152.14,2094573373,0,100,152.14
910993904,0000e22a.5c388dce.01.01,20190111  16:24:57,DRCTEDGE,BOT,100,TSLA,342.41,2094573374,0,100,342.41
910993934,0000e0d5.5c3897e8.01.01,20190111  16:25:02,IEX,SLD,100,AAPL,152.09,2094573375,0,100,152.09
910993974,0000e0d5.5c38984a.01.01,20190111  16:25:38,ISLAND,SLD,100,AAPL,152.08,2094573376,0,100,152.08
910993986,0000e22a.5c388e2f.01.01,20190111  16:26:10,ISLAND,BOT,100,NFLX,336.06,2094573377,0,100,336.06
910993993,0000e22a.5c388e50.01.01,20190111  16:26:13,NYSE,BOT,100,QQQ,160.16,2094573378,0,100,160.16
910994021,0000e22a.5c388e93.01.01,20190111  16:26:46,IBKRATS,BOT,100,NFLX,336,2094573379,0,100,336
910994028,0000e22a.5c388e98.01.01,20190111  16:26:48,ISLAND,BOT,100,QQQ,160.16,2094573380,0,100,160.16
910994063,0000e0d5.5c3898e9.01.01,20190111  16:27:23,ARCA,BOT,100,AAPL,152.2,2094573382,0,100,152.2
910994076,0000e0d5.5c3898f7.01.01,20190111  16:27:28,ISLAND,BOT,100,AAPL,152.22,2094573383,0,100,152.22
910994092,0000e22a.5c388ef6.01.01,20190111  16:28:02,IBKRATS,SLD,100,TSLA,341.14,2094573384,0,100,341.14
910994099,0000e0d5.5c389957.01.01,20190111  16:28:05,IEX,BOT,100,AAPL,152.06,2094573385,0,100,152.06
910994112,0000e0d5.5c389967.01.01,20190111  16:28:08,BEX,BOT,100,AAPL,152.05,2094573386,0,100,152.05
910994128,0000e22a.5c388f43.01.01,20190111  16:28:42,IBKRATS,SLD,100,TSLA,341.23,2094573388,0,100,341.23
910994143,0000e22a.5c388f53.01.01,20190111  16:28:46,BATS,BOT,100,TSLA,341.44,2094573389,0,100,341.44
910994149,0000e22a.5c388f57.01.01,20190111  16:28:48,IBKRATS,BOT,100,NFLX,336.23,2094573390,0,100,336.23
910994179,0000e22a.5c388f76.01.01,20190111  16:29:25,ISLAND,SLD,100,QQQ,160.1,2094573392,0,100,160.1
910994183,0000e22a.5c388f77.01.01,20190111  16:29:26,IBKRATS,SLD,100,TSLA,341.13,2094573393,0,100,341.13
910994187,0000e22a.5c388f7a.01.01,20190111  16:29:27,EDGEA,SLD,100,NFLX,336.13,2094573394,0,100,336.13
910994217,0000e22a.5c388fcf.01.01,20190111  16:30:00,ISLAND,SLD,100,QQQ,160.11,2094573395,0,100,160.11
910994232,0000e22a.5c388fe1.01.01,20190111  16:30:01,BATS,BOT,100,QQQ,160.12,2094573396,0,100,160.12
910994250,0000e22a.5c38900c.01.01,20190111  16:30:35,ISLAND,SLD,100,NFLX,336,2094573397,0,100,336
910994254,0000e0d5.5c389a36.01.01,20190111  16:30:38,BATS,SLD,100,AAPL,151.98,2094573398,0,100,151.98
910994267,0000e0d5.5c389a3c.01.01,20190111  16:30:41,ISLAND,SLD,100,AAPL,151.97,2094573399,0,100,151.97
910994273,0000e22a.5c389016.01.01,20190111  16:30:42,ISLAND,BOT,100,QQQ,160.1,2094573400,0,100,160.1
910994291,0000e22a.5c389051.01.01,20190111  16:31:16,IBKRATS,SLD,100,NFLX,335.53,2094573402,0,100,335.53
910994297,0000e0d5.5c389a72.01.01,20190111  16:31:18,BATS,BOT,100,AAPL,151.99,2094573403,0,100,151.99
910994310,0000e0d5.5c389a77.01.01,20190111  16:31:22,ARCA,SLD,100,AAPL,151.97,2094573404,0,100,151.97
910994334,0000e0d5.5c389ab7.01.01,20190111  16:31:56,ISLAND,SLD,100,AAPL,151.96,2094573406,0,100,151.96
910994368,0000e0d5.5c389b22.01.01,20190111  16:32:32,ISLAND,SLD,100,AAPL,151.95,2094573410,0,100,151.95
910994398,0000e22a.5c3890ff.01.01,20190111  16:33:07,IBKRATS,BOT,100,TSLA,341.58,2094573411,0,100,341.58
910994408,0000e22a.5c389100.01.01,20190111  16:33:10,CHX,BOT,100,QQQ,160.16,2094573412,0,100,160.16
910994424,0000e0d5.5c389b7f.01.01,20190111  16:33:12,ISLAND,BOT,100,AAPL,151.98,2094573413,0,100,151.98
910994428,0000e22a.5c389101.01.01,20190111  16:33:12,BYX,SLD,100,QQQ,160.14,2094573414,0,100,160.14
910994439,0000e0d5.5c389b80.01.01,20190111  16:33:13,BATS,BOT,100,AAPL,151.98,2094573415,0,100,151.98
910994446,0000e22a.5c38913f.01.01,20190111  16:33:44,IBKRATS,BOT,100,TSLA,341.67,2094573416,0,100,341.67
910994458,0000e22a.5c389145.01.01,20190111  16:33:47,ISLAND,BOT,100,QQQ,160.14,2094573417,0,100,160.14
910994470,0000e0d5.5c389bbe.01.01,20190111  16:33:48,BATS,SLD,100,AAPL,151.97,2094573418,0,100,151.97
910994476,0000e22a.5c389148.01.01,20190111  16:33:51,EDGEA,SLD,100,QQQ,160.13,2094573419,0,100,160.13
910994483,0000e0d5.5c389bd3.01.01,20190111  16:33:53,BEX,SLD,100,AAPL,151.97,2094573420,0,100,151.97
910994511,0000e22a.5c389190.01.01,20190111  16:34:29,ISLAND,BOT,100,QQQ,160.2,2094573421,0,100,160.2
910994545,0000e22a.5c3891ab.01.01,20190111  16:35:04,ISLAND,BOT,100,QQQ,160.28,2094573426,0,100,160.28
910994572,0000e0d5.5c389cbc.01.01,20190111  16:35:39,NYSENAT,BOT,100,AAPL,152.06,2094573427,0,100,152.06
910994606,0000e0d5.5c389d4a.01.01,20190111  16:36:15,ARCA,BOT,100,AAPL,152.14,2094573428,0,100,152.14
910994619,0000e0d5.5c389d5b.01.01,20190111  16:36:19,IEX,BOT,100,AAPL,152.14,2094573429,0,100,152.14
910994638,0000e22a.5c38928d.01.01,20190111  16:36:53,BEX,BOT,100,NFLX,336.11,2094573430,0,100,336.11
910994654,0000e0d5.5c389db7.01.01,20190111  16:36:57,ISLAND,BOT,100,AAPL,152.13,2094573431,0,100,152.13
910994675,0000e22a.5c3892b6.01.01,20190111  16:37:31,ISLAND,BOT,100,NFLX,336.14,2094573435,0,100,336.14
910994721,0000e22a.5c3892f2.01.01,20190111  16:38:09,ISLAND,BOT,100,NFLX,336.18,2094573436,0,100,336.18
910994755,0000e22a.5c389335.01.01,20190111  16:38:45,IBKRATS,SLD,100,NFLX,336,2094573437,0,100,336
910994852,0000e22a.5c3893fd.01.01,20190111  16:40:31,IBKRATS,SLD,100,TSLA,341.75,2094573438,0,100,341.75
910994862,0000e22a.5c3893fe.01.01,20190111  16:40:32,BYX,SLD,100,QQQ,160.21,2094573439,0,100,160.21
910994884,0000e22a.5c389400.01.01,20190111  16:40:35,CHX,BOT,100,QQQ,160.26,2094573440,0,100,160.26
910994888,0000e22a.5c38943f.01.01,20190111  16:41:05,IBKRATS,SLD,100,TSLA,342.01,2094573443,0,100,342.01
910994898,0000e22a.5c38944a.01.01,20190111  16:41:09,ISLAND,BOT,100,QQQ,160.26,2094573445,0,100,160.26
910994905,0000e22a.5c38944e.01.01,20190111  16:41:09,ISLAND,BOT,100,NFLX,336.41,2094573446,0,100,336.41
910994921,0000e22a.5c389451.01.01,20190111  16:41:13,ISLAND,BOT,100,QQQ,160.27,2094573447,0,100,160.27
910994934,0000e22a.5c38947a.01.01,20190111  16:41:45,ISLAND,SLD,100,QQQ,160.21,2094573448,0,100,160.21
910994941,0000e22a.5c38947b.01.01,20190111  16:41:45,IBKRATS,SLD,100,NFLX,336.09,2094573449,0,100,336.09
910994960,0000e22a.5c3894fa.01.01,20190111  16:42:20,BATS,BOT,100,TSLA,342.36,2094573450,0,100,342.36
910994972,0000e22a.5c389501.01.01,20190111  16:42:23,EDGEA,BOT,100,QQQ,160.16,2094573451,0,100,160.16
910994978,0000e22a.5c389504.01.01,20190111  16:42:24,ISLAND,BOT,100,TSLA,342.31,2094573452,0,100,342.31
910994987,0000e0d5.5c389ff5.01.01,20190111  16:42:25,ISLAND,SLD,100,AAPL,152.05,2094573453,0,100,152.05
910995005,0000e22a.5c389526.01.01,20190111  16:42:57,DRCTEDGE,BOT,100,TSLA,342.3,2094573454,0,100,342.3
910995022,0000e22a.5c389548.01.01,20190111  16:43:01,IBKRATS,SLD,100,TSLA,342.21,2094573455,0,100,342.21
910995033,0000e0d5.5c38a03c.01.01,20190111  16:43:02,ISLAND,SLD,100,AAPL,152.04,2094573456,0,100,152.04
910995037,0000e22a.5c38954b.01.01,20190111  16:43:04,ISLAND,SLD,100,QQQ,160.2,2094573457,0,100,160.2
910995056,0000e0d5.5c38a09f.01.01,20190111  16:43:38,ISLAND,SLD,100,AAPL,152.12,2094573458,0,100,152.12
910995063,0000e22a.5c389611.01.01,20190111  16:43:41,ISLAND,BOT,100,TSLA,342.59,2094573459,0,100,342.59
910995073,0000e22a.5c389612.01.01,20190111  16:43:43,EDGEA,BOT,100,QQQ,160.28,2094573460,0,100,160.28
910995092,0000e0d5.5c38a0f2.01.01,20190111  16:44:17,ISLAND,SLD,100,AAPL,152.19,2094573461,0,100,152.19
910995099,0000e22a.5c3896a6.01.01,20190111  16:44:20,ISLAND,BOT,100,TSLA,342.96,2094573462,0,100,342.96
910995106,0000e0d5.5c38a104.01.01,20190111  16:44:23,IEX,BOT,100,AAPL,152.22,2094573463,0,100,152.22
910995144,0000e0d5.5c38a19a.01.01,20190111  16:44:59,IEX,BOT,100,AAPL,152.24,2094573464,0,100,152.24
910995150,0000e22a.5c389718.01.01,20190111  16:45:00,ISLAND,SLD,100,QQQ,160.37,2094573465,0,100,160.37
910995171,0000e0d5.5c38a2de.01.01,20190111  16:45:34,IEX,BOT,100,AAPL,152.28,2094573466,0,100,152.28
910995181,0000e22a.5c3897d4.01.01,20190111  16:45:37,BYX,BOT,100,NFLX,337.64,2094573467,0,100,337.64
910995188,0000e22a.5c3897d7.01.01,20190111  16:45:40,ISLAND,BOT,100,QQQ,160.47,2094573468,0,100,160.47
910995192,0000e22a.5c3897db.01.01,20190111  16:45:42,EDGEA,BOT,100,NFLX,337.71,2094573469,0,100,337.71
910995196,0000e0d5.5c38a2e9.01.01,20190111  16:45:45,IEX,BOT,100,AAPL,152.3,2094573470,0,100,152.3
910995209,0000e0d5.5c38a34b.01.01,20190111  16:46:17,ISLAND,BOT,100,AAPL,152.29,2094573471,0,100,152.29
910995219,0000e22a.5c38987a.01.01,20190111  16:46:20,IBKRATS,BOT,100,NFLX,337.41,2094573472,0,100,337.41
910995229,0000e22a.5c38987b.01.01,20190111  16:46:23,IBKRATS,BOT,100,NFLX,337.4,2094573473,0,100,337.4
910995233,0000e0d5.5c38a35b.01.01,20190111  16:46:24,ARCA,BOT,100,AAPL,152.28,2094573474,0,100,152.28
910995463,0000e22a.5c389a56.01.01,20190111  16:50:19,BEX,SLD,100,NFLX,337.14,2094573482,0,100,337.14
910995501,0000e22a.5c389a7b.01.01,20190111  16:50:52,DRCTEDGE,SLD,100,NFLX,337.22,2094573483,0,100,337.22
910995570,0000e22a.5c389aa6.01.01,20190111  16:51:31,ISLAND,SLD,100,QQQ,160.48,2094573484,0,100,160.48
910995604,0000e22a.5c389b08.01.01,20190111  16:52:04,BATS,BOT,100,QQQ,160.4,2094573488,0,100,160.4
910995608,0000e22a.5c389b4b.01.01,20190111  16:52:35,IBKRATS,SLD,100,TSLA,342.57,2094573489,0,100,342.57
910995620,0000e22a.5c389b4d.01.01,20190111  16:52:36,BEX,SLD,100,QQQ,160.4,2094573490,0,100,160.4
910995647,0000e22a.5c389b74.01.01,20190111  16:53:11,IBKRATS,SLD,100,TSLA,342.83,2094573491,0,100,342.83
910995651,0000e22a.5c389b76.01.01,20190111  16:53:14,IBKRATS,BOT,100,NFLX,337.24,2094573492,0,100,337.24
910995658,0000e22a.5c389b77.01.01,20190111  16:53:15,BYX,SLD,100,QQQ,160.39,2094573493,0,100,160.39
910995688,0000e22a.5c389b8d.01.01,20190111  16:53:50,IBKRATS,BOT,100,NFLX,337.29,2094573494,0,100,337.29
910995692,0000e0d5.5c38a8c7.01.01,20190111  16:53:53,IEX,SLD,100,AAPL,152.16,2094573495,0,100,152.16
910995728,0000e0d5.5c38a902.01.01,20190111  16:54:28,ISLAND,SLD,100,AAPL,152.17,2094573496,0,100,152.17
910995768,0000e0d5.5c38a939.01.01,20190111  16:55:02,IEX,BOT,100,AAPL,152.19,2094573497,0,100,152.19
910995775,0000e22a.5c389c3c.01.01,20190111  16:55:02,IBKRATS,SLD,100,TSLA,343,2094573498,0,100,343
910995803,0000e0d5.5c38a960.01.01,20190111  16:55:37,BEX,SLD,100,AAPL,152.23,2094573499,0,100,152.23
910995810,0000e22a.5c389ccd.01.01,20190111  16:55:40,IBKRATS,BOT,100,TSLA,343,2094573500,0,100,343
910995852,0000e22a.5c389d20.01.01,20190111  16:56:14,IBKRATS,SLD,100,TSLA,342.85,2094573501,0,100,342.85
910995875,0000e22a.5c389d28.01.01,20190111  16:56:18,ISLAND,SLD,100,QQQ,160.37,2094573502,0,100,160.37
910995891,0000e22a.5c389d49.01.01,20190111  16:56:50,IBKRATS,BOT,100,TSLA,343.38,2094573503,0,100,343.38
910995907,0000e22a.5c389d4c.01.01,20190111  16:56:51,BYX,SLD,100,QQQ,160.39,2094573504,0,100,160.39
910995917,0000e22a.5c389d51.01.01,20190111  16:56:54,CHX,BOT,100,QQQ,160.41,2094573505,0,100,160.41
910995921,0000e22a.5c389d8b.01.01,20190111  16:57:25,IBKRATS,BOT,100,TSLA,343.38,2094573506,0,100,343.38
910995943,0000e22a.5c389d8d.01.01,20190111  16:57:30,CHX,BOT,100,QQQ,160.45,2094573507,0,100,160.45
910995956,0000e22a.5c389da4.01.01,20190111  16:58:03,IBKRATS,BOT,100,TSLA,343.48,2094573508,0,100,343.48
910995963,0000e0d5.5c38aa7c.01.01,20190111  16:58:06,IEX,BOT,100,AAPL,152.33,2094573509,0,100,152.33
910995974,0000e22a.5c389da7.01.01,20190111  16:58:08,IBKRATS,SLD,100,TSLA,343.17,2094573510,0,100,343.17
910996006,0000e0d5.5c38aaa3.01.01,20190111  16:58:40,ISLAND,BOT,100,AAPL,152.37,2094573511,0,100,152.37
910996015,0000e22a.5c389dd7.01.01,20190111  16:58:44,IBKRATS,BOT,100,TSLA,343.5,2094573512,0,100,343.5
910996050,0000e22a.5c389df2.01.01,20190111  16:59:19,CHX,BOT,100,QQQ,160.45,2094573513,0,100,160.45
910996067,0000e22a.5c389df8.01.01,20190111  16:59:23,CHX,SLD,100,QQQ,160.45,2094573514,0,100,160.45
910996091,0000e22a.5c389e67.01.01,20190111  16:59:58,ISLAND,BOT,100,QQQ,160.47,2094573515,0,100,160.47
910996104,0000e22a.5c389e68.01.01,20190111  16:59:58,ISLAND,BOT,100,QQQ,160.47,2094573516,0,100,160.47
910996151,0000e22a.5c389eaf.01.01,20190111  17:00:35,BYX,SLD,100,QQQ,160.44,2094573520,0,100,160.44
910996158,0000e22a.5c389f1a.01.01,20190111  17:01:06,IBKRATS,SLD,100,NFLX,337.26,2094573521,0,100,337.26
910996188,0000e22a.5c389f3d.01.01,20190111  17:01:11,ISLAND,BOT,100,QQQ,160.46,2094573522,0,100,160.46
910996197,0000e22a.5c389fca.01.01,20190111  17:01:42,IBKRATS,SLD,100,NFLX,337.64,2094573525,0,100,337.64
910996201,0000e0d5.5c38acfb.01.01,20190111  17:01:43,IEX,SLD,100,AAPL,152.4,2094573526,0,100,152.4
910996233,0000e22a.5c38a0ac.01.01,20190111  17:02:17,IBKRATS,SLD,100,TSLA,342.86,2094573527,0,100,342.86
910996240,0000e0d5.5c38ad9f.01.01,20190111  17:02:18,ISLAND,BOT,100,AAPL,152.4,2094573528,0,100,152.4
910996282,0000e22a.5c38a16d.01.01,20190111  17:02:53,IBKRATS,SLD,100,TSLA,342.75,2094573529,0,100,342.75
910996328,0000e22a.5c38a1dd.01.01,20190111  17:03:33,IBKRATS,SLD,100,TSLA,342.82,2094573530,0,100,342.82
910996338,0000e22a.5c38a1e3.01.01,20190111  17:03:36,ISLAND,SLD,100,QQQ,160.52,2094573531,0,100,160.52
910996354,0000e22a.5c38a21f.01.01,20190111  17:04:09,IBKRATS,BOT,100,NFLX,338.25,2094573532,0,100,338.25
910996364,0000e22a.5c38a227.01.01,20190111  17:04:11,IBKRATS,SLD,100,TSLA,342.89,2094573533,0,100,342.89
910996374,0000e22a.5c38a228.01.01,20190111  17:04:13,BYX,SLD,100,QQQ,160.53,2094573534,0,100,160.53
910996390,0000e22a.5c38a276.01.01,20190111  17:04:46,IBKRATS,BOT,100,NFLX,338.3,2094573535,0,100,338.3
910996423,0000e22a.5c38a2cf.01.01,20190111  17:05:23,IBKRATS,BOT,100,TSLA,343.58,2094573536,0,100,343.58
910996473,0000e22a.5c38a302.01.01,20190111  17:06:00,IBKRATS,BOT,100,TSLA,343.37,2094573537,0,100,343.37
910996519,0000e22a.5c38a35d.01.01,20190111  17:06:39,ISLAND,BOT,100,TSLA,343.56,2094573538,0,100,343.56
910996529,0000e22a.5c38a364.01.01,20190111  17:06:41,ISLAND,BOT,100,QQQ,160.56,2094573539,0,100,160.56
910996558,0000e22a.5c38a399.01.01,20190111  17:07:16,IBKRATS,BOT,100,TSLA,343.7,2094573540,0,100,343.7
910996574,0000e22a.5c38a39d.01.01,20190111  17:07:18,ISLAND,BOT,100,QQQ,160.62,2094573541,0,100,160.62
910996719,0000e22a.5c38a528.01.01,20190111  17:09:43,ISLAND,SLD,100,QQQ,160.45,2094573542,0,100,160.45
910996759,0000e22a.5c38a57c.01.01,20190111  17:10:18,ISLAND,BOT,100,QQQ,160.43,2094573543,0,100,160.43
910996763,0000e22a.5c38a583.01.01,20190111  17:10:18,IBKRATS,SLD,100,TSLA,343.34,2094573544,0,100,343.34
910996798,0000e22a.5c38a69e.01.01,20190111  17:10:52,ISLAND,SLD,100,QQQ,160.41,2094573545,0,100,160.41
910996802,0000e22a.5c38a6c1.01.01,20190111  17:10:54,IBKRATS,BOT,100,TSLA,343.68,2094573546,0,100,343.68
910996824,0000e22a.5c38a70e.01.01,20190111  17:11:27,IBKRATS,SLD,100,TSLA,343.11,2094573547,0,100,343.11
910996836,0000e22a.5c38a710.01.01,20190111  17:11:31,CHX,SLD,100,QQQ,160.39,2094573548,0,100,160.39
910996861,0000e22a.5c38a778.01.01,20190111  17:12:06,IBKRATS,SLD,100,TSLA,343.04,2094573549,0,100,343.04
910996865,0000e22a.5c38a78b.01.01,20190111  17:12:09,IBKRATS,SLD,100,NFLX,337.95,2094573550,0,100,337.95
910996869,0000e0d5.5c38b360.01.01,20190111  17:12:11,BEX,SLD,100,AAPL,152.44,2094573551,0,100,152.44
910996892,0000e22a.5c38a797.01.01,20190111  17:12:15,IBKRATS,SLD,100,NFLX,338.01,2094573552,0,100,338.01
910996901,0000e22a.5c38a79c.01.01,20190111  17:12:17,ISLAND,SLD,100,QQQ,160.4,2094573553,0,100,160.4
910996908,0000e22a.5c38a7f5.01.01,20190111  17:12:48,IBKRATS,SLD,100,NFLX,337.87,2094573554,0,100,337.87
910996912,0000e0d5.5c38b3d1.01.01,20190111  17:12:49,ISLAND,SLD,100,AAPL,152.53,2094573555,0,100,152.53
910996931,0000e22a.5c38a801.01.01,20190111  17:12:53,IBKRATS,BOT,100,NFLX,338.07,2094573556,0,100,338.07
910996938,0000e22a.5c38a802.01.01,20190111  17:12:54,DRCTEDGE,BOT,100,QQQ,160.46,2094573557,0,100,160.46
910997049,0000e0d5.5c38b4a8.01.01,20190111  17:15:15,BATS,BOT,100,AAPL,152.58,2094573558,0,100,152.58
910997055,0000e22a.5c38a9c1.01.01,20190111  17:15:17,CHX,BOT,100,QQQ,160.5,2094573559,0,100,160.5
910997100,0000e0d5.5c38b542.01.01,20190111  17:15:53,ARCA,BOT,100,AAPL,152.55,2094573560,0,100,152.55
910997106,0000e22a.5c38aa3b.01.01,20190111  17:15:54,ISLAND,SLD,100,QQQ,160.46,2094573561,0,100,160.46
910997145,0000e22a.5c38aa8a.01.01,20190111  17:16:29,IBKRATS,BOT,100,TSLA,343.23,2094573562,0,100,343.23
910997155,0000e22a.5c38aa8f.01.01,20190111  17:16:31,ISLAND,BOT,100,QQQ,160.5,2094573563,0,100,160.5
910997180,0000e22a.5c38aad4.01.01,20190111  17:17:06,IBKRATS,SLD,100,TSLA,342.22,2094573564,0,100,342.22
910997184,0000e22a.5c38aad6.01.01,20190111  17:17:07,ISLAND,BOT,100,NFLX,338.47,2094573565,0,100,338.47
910997191,0000e22a.5c38aadc.01.01,20190111  17:17:08,ISLAND,BOT,100,QQQ,160.52,2094573566,0,100,160.52
910997221,0000e22a.5c38ab0f.01.01,20190111  17:17:44,NYSE,BOT,100,NFLX,338.59,2094573567,0,100,338.59
910997264,0000e22a.5c38ab38.01.01,20190111  17:18:23,IBKRATS,SLD,100,TSLA,342.44,2094573568,0,100,342.44
910997274,0000e22a.5c38ab39.01.01,20190111  17:18:25,CHX,SLD,100,QQQ,160.55,2094573569,0,100,160.55
910997301,0000e22a.5c38ab4f.01.01,20190111  17:18:59,IBKRATS,SLD,100,TSLA,342.6,2094573570,0,100,342.6
910997315,0000e22a.5c38ab51.01.01,20190111  17:19:01,IEX,SLD,100,QQQ,160.54,2094573571,0,100,160.54
910997501,0000e0d5.5c38b83a.01.01,20190111  17:22:36,ISLAND,SLD,100,AAPL,152.46,2094573572,0,100,152.46
910997505,0000e22a.5c38acda.01.01,20190111  17:22:37,BYX,SLD,100,QQQ,160.49,2094573573,0,100,160.49
910997536,0000e0d5.5c38b86d.01.01,20190111  17:23:13,ISLAND,SLD,100,AAPL,152.49,2094573574,0,100,152.49
910997540,0000e22a.5c38ad05.01.01,20190111  17:23:14,EDGEA,SLD,100,QQQ,160.52,2094573575,0,100,160.52
910997646,0000e22a.5c38adc3.01.01,20190111  17:25:08,EDGEA,BOT,100,QQQ,160.55,2094573576,0,100,160.55
910997680,0000e22a.5c38ae2f.01.01,20190111  17:25:45,CHX,SLD,100,QQQ,160.51,2094573577,0,100,160.51
910997707,0000e22a.5c38ae7d.01.01,20190111  17:26:19,IBKRATS,BOT,100,TSLA,343.07,2094573578,0,100,343.07
910997717,0000e22a.5c38ae80.01.01,20190111  17:26:21,ISLAND,BOT,100,QQQ,160.54,2094573579,0,100,160.54
910997744,0000e22a.5c38aeee.01.01,20190111  17:26:56,IBKRATS,BOT,100,TSLA,343.18,2094573580,0,100,343.18
910997754,0000e22a.5c38aeef.01.01,20190111  17:26:58,ISLAND,BOT,100,QQQ,160.63,2094573581,0,100,160.63
910997767,0000e22a.5c38aef4.01.01,20190111  17:27:00,CHX,BOT,100,QQQ,160.63,2094573582,0,100,160.63
910997786,0000e0d5.5c38baab.01.01,20190111  17:27:34,ISLAND,BOT,100,AAPL,152.55,2094573583,0,100,152.55
910997802,0000e22a.5c38af1f.01.01,20190111  17:27:37,NYSE,BOT,100,QQQ,160.59,2094573584,0,100,160.59
910997821,0000e0d5.5c38bb77.01.01,20190111  17:28:11,BEX,BOT,100,AAPL,152.46,2094573585,0,100,152.46
910997964,0000e0d5.5c38bc15.01.01,20190111  17:30:32,PSX,SLD,100,AAPL,152.47,2094573588,0,100,152.47
910997973,0000e22a.5c38b077.01.01,20190111  17:30:34,BYX,BOT,100,TSLA,343.56,2094573589,0,100,343.56
910997982,0000e0d5.5c38bc1a.01.01,20190111  17:30:35,IEX,SLD,100,AAPL,152.47,2094573590,0,100,152.47
910998007,0000e22a.5c38b0b9.01.01,20190111  17:31:07,IBKRATS,SLD,100,NFLX,339.18,2094573591,0,100,339.18
910998011,0000e0d5.5c38bc4b.01.01,20190111  17:31:08,ARCA,SLD,100,AAPL,152.46,2094573592,0,100,152.46
910998020,0000e22a.5c38b0be.01.01,20190111  17:31:10,IBKRATS,SLD,100,TSLA,343.68,2094573593,0,100,343.68
910998029,0000e0d5.5c38bc61.01.01,20190111  17:31:11,ISLAND,SLD,100,AAPL,152.44,2094573594,0,100,152.44
910998048,0000e22a.5c38b0da.01.01,20190111  17:31:46,IBKRATS,SLD,100,NFLX,339.3,2094573595,0,100,339.3
910998082,0000e22a.5c38b120.01.01,20190111  17:32:20,IBKRATS,BOT,100,NFLX,339.49,2094573596,0,100,339.49
910998118,0000e22a.5c38b177.01.01,20190111  17:32:55,IBKRATS,BOT,100,NFLX,339.78,2094573597,0,100,339.78
910998163,0000e22a.5c38b1d6.01.01,20190111  17:33:31,IBKRATS,BOT,100,TSLA,344.3,2094573598,0,100,344.3
910998201,0000e22a.5c38b233.01.01,20190111  17:34:08,IBKRATS,BOT,100,TSLA,344.4,2094573599,0,100,344.4
910998294,0000e22a.5c38b272.01.01,20190111  17:35:19,CHX,SLD,100,QQQ,160.73,2094573600,0,100,160.73
910998328,0000e22a.5c38b29e.01.01,20190111  17:35:53,ARCA,BOT,100,QQQ,160.75,2094573601,0,100,160.75
910998340,0000e0d5.5c38bfe0.01.01,20190111  17:36:25,ISLAND,BOT,100,AAPL,152.59,2094573602,0,100,152.59
910998375,0000e22a.5c38b2e1.01.01,20190111  17:36:28,ISLAND,SLD,100,QQQ,160.72,2094573603,0,100,160.72
910998385,0000e0d5.5c38c007.01.01,20190111  17:36:59,DRCTEDGE,BOT,100,AAPL,152.63,2094573604,0,100,152.63
910998414,0000e22a.5c38b300.01.01,20190111  17:37:02,CHX,SLD,100,QQQ,160.71,2094573605,0,100,160.71
910998450,0000e22a.5c38b36f.01.01,20190111  17:37:37,EDGEA,BOT,100,QQQ,160.69,2094573606,0,100,160.69
910998484,0000e22a.5c38b3a0.01.01,20190111  17:38:13,ISLAND,BOT,100,QQQ,160.68,2094573610,0,100,160.68
910998530,0000e22a.5c38b459.01.01,20190111  17:39:23,CHX,SLD,100,QQQ,160.78,2094573611,0,100,160.78
910998564,0000e22a.5c38b4b3.01.01,20190111  17:40:00,EDGEA,SLD,100,QQQ,160.78,2094573612,0,100,160.78
910998602,0000e22a.5c38b4d5.01.01,20190111  17:40:37,CHX,BOT,100,QQQ,160.78,2094573613,0,100,160.78
910998621,0000e0d5.5c38c297.01.01,20190111  17:40:40,ISLAND,SLD,100,AAPL,152.47,2094573614,0,100,152.47
910998634,0000e0d5.5c38c2df.01.01,20190111  17:41:13,BEX,SLD,100,AAPL,152.5,2094573615,0,100,152.5
910998638,0000e22a.5c38b51f.01.01,20190111  17:41:14,ISLAND,BOT,100,QQQ,160.79,2094573616,0,100,160.79
910998657,0000e0d5.5c38c2e2.01.01,20190111  17:41:17,ISLAND,SLD,100,AAPL,152.5,2094573617,0,100,152.5
910998670,0000e0d5.5c38c30b.01.01,20190111  17:41:50,ISLAND,SLD,100,AAPL,152.53,2094573618,0,100,152.53
910998894,0000e22a.5c38b6f0.01.01,20190111  17:45:33,ISLAND,SLD,100,QQQ,160.69,2094573619,0,100,160.69
910998904,0000e0d5.5c38c42f.01.01,20190111  17:45:35,BEX,BOT,100,AAPL,152.44,2094573620,0,100,152.44
910998929,0000e22a.5c38b717.01.01,20190111  17:46:10,ISLAND,SLD,100,QQQ,160.69,2094573621,0,100,160.69
910998941,0000e0d5.5c38c4a6.01.01,20190111  17:46:15,DRCTEDGE,BOT,100,AAPL,152.37,2094573622,0,100,152.37
910998990,0000e22a.5c38b789.01.01,20190111  17:47:25,IEX,SLD,100,TSLA,344.86,2094573623,0,100,344.86
910998994,0000e22a.5c38b78b.01.01,20190111  17:47:27,BEX,SLD,100,NFLX,340.66,2094573624,0,100,340.66
910999025,0000e22a.5c38b7c2.01.01,20190111  17:48:03,ISLAND,SLD,100,TSLA,344.87,2094573625,0,100,344.87
910999029,0000e22a.5c38b7c3.01.01,20190111  17:48:04,BYX,SLD,100,NFLX,340.57,2094573626,0,100,340.57
910999045,0000e0d5.5c38c60a.01.01,20190111  17:48:08,BEX,SLD,100,AAPL,152.27,2094573627,0,100,152.27
910999087,0000e0d5.5c38c664.01.01,20190111  17:48:45,IEX,SLD,100,AAPL,152.3,2094573628,0,100,152.3
910999183,0000e22a.5c38b897.01.01,20190111  17:50:32,BYX,BOT,100,TSLA,345.91,2094573629,0,100,345.91
910999217,0000e22a.5c38b8d4.01.01,20190111  17:51:09,ISLAND,BOT,100,TSLA,346.1,2094573630,0,100,346.1
910999239,0000e22a.5c38b8d6.01.01,20190111  17:51:14,ISLAND,SLD,100,QQQ,160.68,2094573631,0,100,160.68
910999273,0000e22a.5c38b8fc.01.01,20190111  17:51:51,ISLAND,BOT,100,QQQ,160.71,2094573632,0,100,160.71
910999361,0000e22a.5c38b9c9.01.01,20190111  17:53:40,ISLAND,BOT,100,QQQ,160.63,2094573633,0,100,160.63
910999380,0000e22a.5c38b9cc.01.01,20190111  17:53:43,CHX,SLD,100,QQQ,160.63,2094573634,0,100,160.63
910999399,0000e0d5.5c38c8c5.01.01,20190111  17:54:17,BEX,BOT,100,AAPL,152.38,2094573635,0,100,152.38
910999403,0000e22a.5c38b9e7.01.01,20190111  17:54:19,ISLAND,BOT,100,QQQ,160.68,2094573636,0,100,160.68
910999410,0000e22a.5c38b9e8.01.01,20190111  17:54:20,IBKRATS,SLD,100,NFLX,339.12,2094573637,0,100,339.12
910999417,0000e22a.5c38b9e9.01.01,20190111  17:54:21,BYX,SLD,100,QQQ,160.67,2094573638,0,100,160.67
910999436,0000e0d5.5c38c8ee.01.01,20190111  17:54:55,BATS,SLD,100,AAPL,152.28,2094573639,0,100,152.28
910999446,0000e22a.5c38ba2f.01.01,20190111  17:54:58,IBKRATS,SLD,100,NFLX,339.07,2094573640,0,100,339.07
910999465,0000e22a.5c38ba6b.01.01,20190111  17:55:31,IBKRATS,SLD,100,TSLA,345.23,2094573641,0,100,345.23
910999472,0000e0d5.5c38c93d.01.01,20190111  17:55:33,ISLAND,BOT,100,AAPL,152.33,2094573642,0,100,152.33
910999500,0000e22a.5c38ba9d.01.01,20190111  17:56:09,IBKRATS,SLD,100,TSLA,345.37,2094573643,0,100,345.37
910999507,0000e0d5.5c38c971.01.01,20190111  17:56:11,ISLAND,BOT,100,AAPL,152.38,2094573644,0,100,152.38
910999511,0000e22a.5c38ba9e.01.01,20190111  17:56:12,IEX,SLD,100,QQQ,160.66,2094573645,0,100,160.66
910999547,0000e22a.5c38bac6.01.01,20190111  17:56:49,BYX,SLD,100,QQQ,160.69,2094573646,0,100,160.69
910999584,0000e22a.5c38baed.01.01,20190111  17:57:27,IBKRATS,SLD,100,TSLA,345.34,2094573647,0,100,345.34
910999618,0000e22a.5c38bb12.01.01,20190111  17:58:04,IBKRATS,SLD,100,TSLA,345.37,2094573648,0,100,345.37
910999682,0000e22a.5c38bba3.01.01,20190111  17:59:17,ISLAND,BOT,100,QQQ,160.7,2094573649,0,100,160.7
910999716,0000e22a.5c38bbcc.01.01,20190111  17:59:55,ISLAND,BOT,100,QQQ,160.7,2094573653,0,100,160.7
910999753,0000e22a.5c38bc8e.01.01,20190111  18:00:32,IEX,BOT,100,TSLA,344.89,2094573654,0,100,344.89
910999768,0000e22a.5c38bc94.01.01,20190111  18:00:35,BEX,SLD,100,NFLX,338.55,2094573655,0,100,338.55
910999779,0000e22a.5c38bc97.01.01,20190111  18:00:36,BYX,SLD,100,QQQ,160.66,2094573656,0,100,160.66
910999795,0000e22a.5c38bcfe.01.01,20190111  18:01:10,NYSENAT,BOT,100,TSLA,344.99,2094573657,0,100,344.99
910999808,0000e22a.5c38bd05.01.01,20190111  18:01:12,IBKRATS,SLD,100,NFLX,339.04,2094573658,0,100,339.04
910999817,0000e22a.5c38bd09.01.01,20190111  18:01:14,EDGEA,SLD,100,QQQ,160.69,2094573659,0,100,160.69
910999930,0000e0d5.5c38cda3.01.01,20190111  18:03:36,BATS,SLD,100,AAPL,152.3,2094573660,0,100,152.3
910999934,0000e22a.5c38be08.01.01,20190111  18:03:38,IEX,SLD,100,QQQ,160.56,2094573661,0,100,160.56
910999938,0000e22a.5c38be09.01.01,20190111  18:03:38,IBKRATS,SLD,100,TSLA,344.61,2094573662,0,100,344.61
910999945,0000e0d5.5c38cde9.01.01,20190111  18:03:40,ISLAND,BOT,100,AAPL,152.26,2094573663,0,100,152.26
910999967,0000e0d5.5c38cef0.01.01,20190111  18:04:15,IEX,SLD,100,AAPL,152.18,2094573664,0,100,152.18
910999971,0000e22a.5c38be54.01.01,20190111  18:04:16,ISLAND,SLD,100,QQQ,160.46,2094573665,0,100,160.46
910999975,0000e22a.5c38be56.01.01,20190111  18:04:17,IBKRATS,SLD,100,TSLA,344.44,2094573666,0,100,344.44
910999982,0000e0d5.5c38cefa.01.01,20190111  18:04:19,IEX,BOT,100,AAPL,152.18,2094573667,0,100,152.18
911000119,0000e0d5.5c38cfd9.01.01,20190111  18:06:45,BEX,SLD,100,AAPL,152.19,2094573671,0,100,152.19
911000123,0000e22a.5c38bffd.01.01,20190111  18:06:47,ISLAND,BOT,100,QQQ,160.53,2094573672,0,100,160.53
911000154,0000e0d5.5c38d03e.01.01,20190111  18:07:24,ARCA,BOT,100,AAPL,152.17,2094573673,0,100,152.17
911000158,0000e22a.5c38c029.01.01,20190111  18:07:25,ISLAND,SLD,100,QQQ,160.5,2094573674,0,100,160.5
911000237,0000e22a.5c38c0d3.01.01,20190111  18:09:12,IBKRATS,BOT,100,TSLA,344.87,2094573675,0,100,344.87
911000264,0000e0d5.5c38d0c8.01.01,20190111  18:09:16,ISLAND,SLD,100,AAPL,152.11,2094573676,0,100,152.11
911000288,0000e22a.5c38c0f5.01.01,20190111  18:09:50,IBKRATS,BOT,100,TSLA,344.91,2094573677,0,100,344.91
911000311,0000e0d5.5c38d0e0.01.01,20190111  18:09:55,BEX,SLD,100,AAPL,152.14,2094573678,0,100,152.14
911000344,0000e22a.5c38c131.01.01,20190111  18:10:30,ISLAND,BOT,100,QQQ,160.52,2094573679,0,100,160.52
911000378,0000e22a.5c38c18a.01.01,20190111  18:11:07,ISLAND,BOT,100,QQQ,160.51,2094573680,0,100,160.51
911000406,0000e22a.5c38c1c3.01.01,20190111  18:11:43,BEX,BOT,100,NFLX,338.67,2094573681,0,100,338.67
911000410,0000e0d5.5c38d178.01.01,20190111  18:11:44,IEX,BOT,100,AAPL,152.24,2094573682,0,100,152.24
911000451,0000e22a.5c38c1f2.01.01,20190111  18:12:21,ISLAND,BOT,100,NFLX,337.79,2094573683,0,100,337.79
911000455,0000e0d5.5c38d1bb.01.01,20190111  18:12:23,BEX,BOT,100,AAPL,152.2,2094573684,0,100,152.2
911000459,0000e22a.5c38c1f3.01.01,20190111  18:12:24,IEX,SLD,100,QQQ,160.45,2094573685,0,100,160.45
911000493,0000e22a.5c38c251.01.01,20190111  18:13:00,BYX,SLD,100,QQQ,160.34,2094573687,0,100,160.34
911000521,0000e22a.5c38c2b1.01.01,20190111  18:13:37,BEX,SLD,100,NFLX,336.26,2094573689,0,100,336.26
911000525,0000e0d5.5c38d251.01.01,20190111  18:13:37,ISLAND,SLD,100,AAPL,151.97,2094573690,0,100,151.97
911000562,0000e22a.5c38c2f9.01.01,20190111  18:14:13,ARCA,SLD,100,NFLX,336.04,2094573691,0,100,336.04
911000566,0000e0d5.5c38d285.01.01,20190111  18:14:15,IEX,SLD,100,AAPL,151.98,2094573692,0,100,151.98
911000627,0000e22a.5c38c3b4.01.01,20190111  18:15:24,ISLAND,SLD,100,TSLA,344.18,2094573693,0,100,344.18
911000661,0000e22a.5c38c428.01.01,20190111  18:15:59,ISLAND,SLD,100,TSLA,344.2,2094573694,0,100,344.2
911000811,0000e22a.5c38c4ab.01.01,20190111  18:18:16,IBKRATS,BOT,100,NFLX,337.52,2094573695,0,100,337.52
911000849,0000e22a.5c38c4ec.01.01,20190111  18:18:51,IBKRATS,BOT,100,NFLX,337.82,2094573696,0,100,337.82
911000893,0000e22a.5c38c50f.01.01,20190111  18:19:26,ISLAND,BOT,100,QQQ,160.25,2094573697,0,100,160.25
911000935,0000e22a.5c38c549.01.01,20190111  18:20:03,CHX,BOT,100,QQQ,160.28,2094573698,0,100,160.28
911000960,0000e22a.5c38c564.01.01,20190111  18:20:36,IBKRATS,BOT,100,TSLA,344.85,2094573699,0,100,344.85
911000996,0000e22a.5c38c589.01.01,20190111  18:21:11,IBKRATS,BOT,100,TSLA,344.99,2094573700,0,100,344.99
911001011,0000e22a.5c38c58a.01.01,20190111  18:21:15,IBKRATS,BOT,100,TSLA,344.99,2094573701,0,100,344.99
911001047,0000e22a.5c38c5d0.01.01,20190111  18:21:52,CHX,SLD,100,TSLA,344.76,2094573702,0,100,344.76
911001084,0000e22a.5c38c61e.01.01,20190111  18:22:28,ISLAND,SLD,100,QQQ,160.27,2094573703,0,100,160.27
911001109,0000e0d5.5c38d624.01.01,20190111  18:22:30,ISLAND,BOT,100,AAPL,151.83,2094573704,0,100,151.83
911001125,0000e22a.5c38c647.01.01,20190111  18:23:03,ISLAND,SLD,100,QQQ,160.22,2094573705,0,100,160.22
911001146,0000e0d5.5c38d64d.01.01,20190111  18:23:07,ISLAND,SLD,100,AAPL,151.82,2094573706,0,100,151.82
911001191,0000e22a.5c38c68e.01.01,20190111  18:24:15,DRCTEDGE,SLD,100,NFLX,336.72,2094573707,0,100,336.72
911001225,0000e22a.5c38c6ec.01.01,20190111  18:24:50,BATS,SLD,100,NFLX,336.65,2094573708,0,100,336.65
911001258,0000e22a.5c38c732.01.01,20190111  18:25:27,IEX,SLD,100,TSLA,344.36,2094573709,0,100,344.36
911001292,0000e22a.5c38c76b.01.01,20190111  18:26:02,IBKRATS,BOT,100,TSLA,344.74,2094573710,0,100,344.74
911001326,0000e22a.5c38c7b4.01.01,20190111  18:26:37,BYX,SLD,100,TSLA,344.59,2094573711,0,100,344.59
911001360,0000e0d5.5c38d7c2.01.01,20190111  18:26:40,BATS,BOT,100,AAPL,151.79,2094573712,0,100,151.79
911001367,0000e22a.5c38c829.01.01,20190111  18:27:14,ISLAND,SLD,100,TSLA,344.65,2094573713,0,100,344.65
911001395,0000e0d5.5c38d7d8.01.01,20190111  18:27:18,EDGEA,SLD,100,AAPL,151.82,2094573714,0,100,151.82
911001509,0000e22a.5c38c928.01.01,20190111  18:29:34,IBKRATS,BOT,100,TSLA,345.37,2094573715,0,100,345.37
911001513,0000e22a.5c38c929.01.01,20190111  18:29:35,IBKRATS,BOT,100,NFLX,337.55,2094573716,0,100,337.55
911001517,0000e0d5.5c38d851.01.01,20190111  18:29:36,IEX,BOT,100,AAPL,151.86,2094573717,0,100,151.86
911001521,0000e22a.5c38c92a.01.01,20190111  18:29:37,CHX,BOT,100,QQQ,160.23,2094573718,0,100,160.23
911001548,0000e22a.5c38c99a.01.01,20190111  18:30:10,IBKRATS,BOT,100,TSLA,345.36,2094573719,0,100,345.36
911001552,0000e22a.5c38c99c.01.01,20190111  18:30:11,IBKRATS,BOT,100,NFLX,337.49,2094573720,0,100,337.49
911001556,0000e0d5.5c38d873.01.01,20190111  18:30:12,ISLAND,BOT,100,AAPL,151.83,2094573721,0,100,151.83
911001560,0000e22a.5c38c99e.01.01,20190111  18:30:13,ISLAND,BOT,100,QQQ,160.24,2094573722,0,100,160.24
911001564,0000e22a.5c38c99f.01.01,20190111  18:30:14,IBKRATS,BOT,100,TSLA,345.44,2094573723,0,100,345.44
911001568,0000e22a.5c38c9a0.01.01,20190111  18:30:17,IBKRATS,BOT,100,NFLX,337.49,2094573724,0,100,337.49
911001599,0000e22a.5c38ca1e.01.01,20190111  18:30:54,IBKRATS,BOT,100,TSLA,345.32,2094573725,0,100,345.32
911001603,0000e22a.5c38ca23.01.01,20190111  18:30:54,IBKRATS,BOT,100,NFLX,337.76,2094573726,0,100,337.76
911001646,0000e0d5.5c38d907.01.01,20190111  18:31:29,BEX,BOT,100,AAPL,151.66,2094573727,0,100,151.66
911001682,0000e0d5.5c38d92a.01.01,20190111  18:32:04,BEX,SLD,100,AAPL,151.67,2094573728,0,100,151.67
911001704,0000e0d5.5c38d98c.01.01,20190111  18:32:39,ISLAND,SLD,100,AAPL,151.63,2094573729,0,100,151.63
911001740,0000e0d5.5c38d9db.01.01,20190111  18:33:14,BYX,BOT,100,AAPL,151.65,2094573730,0,100,151.65
911001744,0000e22a.5c38cabb.01.01,20190111  18:33:16,IEX,SLD,100,QQQ,160.25,2094573731,0,100,160.25
911001777,0000e0d5.5c38da0f.01.01,20190111  18:33:50,BYX,SLD,100,AAPL,151.64,2094573732,0,100,151.64
911001781,0000e22a.5c38cad9.01.01,20190111  18:33:51,CHX,BOT,100,QQQ,160.26,2094573733,0,100,160.26
911001812,0000e0d5.5c38da4e.01.01,20190111  18:34:25,IEX,SLD,100,AAPL,151.61,2094573734,0,100,151.61
911001822,0000e22a.5c38cb2f.01.01,20190111  18:34:27,IBKRATS,SLD,100,NFLX,337.88,2094573735,0,100,337.88
911001839,0000e0d5.5c38da4f.01.01,20190111  18:34:31,BYX,BOT,100,AAPL,151.62,2094573736,0,100,151.62
911001861,0000e22a.5c38cb63.01.01,20190111  18:35:06,ARCA,BOT,100,NFLX,338.65,2094573737,0,100,338.65
911001873,0000e22a.5c38cb6a.01.01,20190111  18:35:10,ARCA,BOT,100,NFLX,338.64,2094573738,0,100,338.64
911001877,0000e0d5.5c38da5e.01.01,20190111  18:35:10,ISLAND,BOT,100,AAPL,151.68,2094573739,0,100,151.68
911001893,0000e22a.5c38cbb4.01.01,20190111  18:35:45,BYX,SLD,100,QQQ,160.2,2094573740,0,100,160.2
911001909,0000e22a.5c38cbb6.01.01,20190111  18:35:47,CHX,BOT,100,NFLX,338.39,2094573741,0,100,338.39
911001913,0000e0d5.5c38daa0.01.01,20190111  18:35:50,ISLAND,SLD,100,AAPL,151.55,2094573742,0,100,151.55
911001931,0000e22a.5c38cc05.01.01,20190111  18:36:25,EDGEA,SLD,100,QQQ,160.16,2094573743,0,100,160.16
911001935,0000e22a.5c38cc06.01.01,20190111  18:36:25,IBKRATS,SLD,100,TSLA,344.95,2094573744,0,100,344.95
911001951,0000e0d5.5c38daeb.01.01,20190111  18:36:29,ISLAND,SLD,100,AAPL,151.53,2094573745,0,100,151.53
911001972,0000e22a.5c38cc3a.01.01,20190111  18:37:03,IBKRATS,BOT,100,TSLA,345.15,2094573746,0,100,345.15
911001989,0000e22a.5c38cc40.01.01,20190111  18:37:07,BEX,SLD,100,NFLX,337.73,2094573747,0,100,337.73
911001993,0000e0d5.5c38db3e.01.01,20190111  18:37:10,BEX,BOT,100,AAPL,151.71,2094573748,0,100,151.71
911002000,0000e22a.5c38cc7b.01.01,20190111  18:37:43,IBKRATS,SLD,100,TSLA,344.86,2094573749,0,100,344.86
911002025,0000e22a.5c38cc7d.01.01,20190111  18:37:47,BEX,BOT,100,NFLX,337.94,2094573750,0,100,337.94
911002029,0000e0d5.5c38db98.01.01,20190111  18:37:50,BYX,SLD,100,AAPL,151.73,2094573751,0,100,151.73
911002036,0000e22a.5c38cc92.01.01,20190111  18:38:23,IBKRATS,SLD,100,TSLA,344.95,2094573752,0,100,344.95
911002040,0000e22a.5c38cc93.01.01,20190111  18:38:24,IBKRATS,SLD,100,NFLX,337.8,2094573753,0,100,337.8
911002044,0000e0d5.5c38dbc0.01.01,20190111  18:38:25,ISLAND,BOT,100,AAPL,151.81,2094573754,0,100,151.81
911002075,0000e22a.5c38ccb0.01.01,20190111  18:39:01,ISLAND,SLD,100,NFLX,337.33,2094573755,0,100,337.33
911002079,0000e0d5.5c38dbf4.01.01,20190111  18:39:02,ISLAND,BOT,100,AAPL,151.76,2094573756,0,100,151.76
911002098,0000e0d5.5c38dbf5.01.01,20190111  18:39:04,IEX,BOT,100,AAPL,151.76,2094573757,0,100,151.76
911002105,0000e22a.5c38ccb4.01.01,20190111  18:39:05,ISLAND,SLD,100,NFLX,337.28,2094573758,0,100,337.28
911002133,0000e0d5.5c38dc0e.01.01,20190111  18:39:41,ISLAND,SLD,100,AAPL,151.72,2094573759,0,100,151.72
911002137,0000e22a.5c38cce0.01.01,20190111  18:39:44,ISLAND,BOT,100,QQQ,160.24,2094573760,0,100,160.24
911002141,0000e22a.5c38cce5.01.01,20190111  18:39:47,BEX,SLD,100,NFLX,336.81,2094573761,0,100,336.81
911002160,0000e22a.5c38ccf7.01.01,20190111  18:40:22,IEX,BOT,100,QQQ,160.27,2094573762,0,100,160.27
911002173,0000e22a.5c38ccf8.01.01,20190111  18:40:24,DRCTEDGE,BOT,100,QQQ,160.25,2094573763,0,100,160.25
911002195,0000e22a.5c38cd0f.01.01,20190111  18:40:59,BATS,BOT,100,QQQ,160.3,2094573764,0,100,160.3
911002211,0000e22a.5c38cd12.01.01,20190111  18:41:01,IBKRATS,BOT,100,NFLX,337.51,2094573765,0,100,337.51
911002245,0000e22a.5c38cd3b.01.01,20190111  18:41:38,IBKRATS,BOT,100,NFLX,337.74,2094573766,0,100,337.74
911002255,0000e22a.5c38cd4e.01.01,20190111  18:42:12,IBKRATS,BOT,100,TSLA,345.28,2094573767,0,100,345.28
911002289,0000e22a.5c38cd82.01.01,20190111  18:42:47,BYX,BOT,100,TSLA,345.22,2094573768,0,100,345.22
911002346,0000e22a.5c38cdd4.01.01,20190111  18:43:25,ISLAND,SLD,100,QQQ,160.35,2094573769,0,100,160.35
911002355,0000e0d5.5c38dcae.01.01,20190111  18:43:26,BATS,BOT,100,AAPL,151.97,2094573770,0,100,151.97
911002386,0000e0d5.5c38dcc0.01.01,20190111  18:44:00,IEX,BOT,100,AAPL,151.97,2094573771,0,100,151.97
911002392,0000e22a.5c38ce04.01.01,20190111  18:44:03,BYX,SLD,100,QQQ,160.33,2094573772,0,100,160.33
911002399,0000e0d5.5c38dcc9.01.01,20190111  18:44:06,BYX,SLD,100,AAPL,151.96,2094573773,0,100,151.96
911002426,0000e0d5.5c38dcef.01.01,20190111  18:44:40,BYX,SLD,100,AAPL,151.96,2094573774,0,100,151.96
911002430,0000e22a.5c38ce3c.01.01,20190111  18:44:43,BYX,BOT,100,QQQ,160.33,2094573775,0,100,160.33
911002453,0000e0d5.5c38dd26.01.01,20190111  18:45:18,ISLAND,SLD,100,AAPL,151.95,2094573776,0,100,151.95
911002463,0000e22a.5c38ce5d.01.01,20190111  18:45:20,IBKRATS,SLD,100,NFLX,336.95,2094573777,0,100,336.95
911002467,0000e0d5.5c38dd2d.01.01,20190111  18:45:22,ISLAND,BOT,100,AAPL,151.95,2094573778,0,100,151.95
911002471,0000e22a.5c38ce67.01.01,20190111  18:45:25,ISLAND,BOT,100,QQQ,160.3,2094573779,0,100,160.3
911002481,0000e22a.5c38ce6a.01.01,20190111  18:45:29,ISLAND,BOT,100,QQQ,160.31,2094573780,0,100,160.31
911002491,0000e0d5.5c38dd5c.01.01,20190111  18:46:00,BYX,BOT,100,AAPL,151.92,2094573781,0,100,151.92
911002505,0000e22a.5c38ce90.01.01,20190111  18:46:02,IBKRATS,SLD,100,NFLX,336.7,2094573782,0,100,336.7
911002509,0000e0d5.5c38dd5e.01.01,20190111  18:46:05,ISLAND,SLD,100,AAPL,151.89,2094573783,0,100,151.89
911002516,0000e22a.5c38ce94.01.01,20190111  18:46:08,IBKRATS,SLD,100,NFLX,336.62,2094573784,0,100,336.62
911002523,0000e22a.5c38ce9a.01.01,20190111  18:46:11,ISLAND,BOT,100,QQQ,160.24,2094573785,0,100,160.24
911002545,0000e0d5.5c38dd73.01.01,20190111  18:46:44,ISLAND,BOT,100,AAPL,151.83,2094573786,0,100,151.83
911002552,0000e22a.5c38cead.01.01,20190111  18:46:47,IBKRATS,SLD,100,NFLX,336.5,2094573787,0,100,336.5
911002570,0000e0d5.5c38dda8.01.01,20190111  18:47:22,DRCTEDGE,SLD,100,AAPL,151.8,2094573788,0,100,151.8
911002574,0000e22a.5c38cefe.01.01,20190111  18:47:25,CHX,SLD,100,QQQ,160.2,2094573789,0,100,160.2
911002584,0000e0d5.5c38dda9.01.01,20190111  18:47:26,ARCA,BOT,100,AAPL,151.81,2094573790,0,100,151.81
911002606,0000e0d5.5c38ddb6.01.01,20190111  18:48:02,BYX,SLD,100,AAPL,151.9,2094573791,0,100,151.9
911002610,0000e22a.5c38cf25.01.01,20190111  18:48:03,ISLAND,SLD,100,QQQ,160.27,2094573792,0,100,160.27
911002715,0000e22a.5c38cf9d.01.01,20190111  18:49:47,IBKRATS,SLD,100,TSLA,345.48,2094573793,0,100,345.48
911002739,0000e22a.5c38d039.01.01,20190111  18:50:21,IBKRATS,SLD,100,TSLA,345.17,2094573794,0,100,345.17
911002752,0000e22a.5c38d05b.01.01,20190111  18:50:25,BATS,SLD,100,TSLA,345.17,2094573795,0,100,345.17
911002776,0000e22a.5c38d0ab.01.01,20190111  18:50:58,IBKRATS,SLD,100,TSLA,345.34,2094573796,0,100,345.34
911002822,0000e22a.5c38d0cd.01.01,20190111  18:51:35,IBKRATS,BOT,100,TSLA,345.77,2094573797,0,100,345.77
911002844,0000e22a.5c38d112.01.01,20190111  18:52:10,IBKRATS,BOT,100,TSLA,345.88,2094573798,0,100,345.88
911002848,0000e22a.5c38d113.01.01,20190111  18:52:11,ISLAND,BOT,100,NFLX,336.67,2094573799,0,100,336.67
911002855,0000e22a.5c38d116.01.01,20190111  18:52:12,EDGEA,BOT,100,QQQ,160.28,2094573800,0,100,160.28
911002859,0000e22a.5c38d119.01.01,20190111  18:52:13,IBKRATS,BOT,100,TSLA,345.8,2094573801,0,100,345.8
911002883,0000e22a.5c38d164.01.01,20190111  18:52:48,IBKRATS,BOT,100,TSLA,345.6,2094573802,0,100,345.6
911002887,0000e22a.5c38d165.01.01,20190111  18:52:49,BEX,BOT,100,NFLX,336.9,2094573803,0,100,336.9
911002896,0000e22a.5c38d166.01.01,20190111  18:52:51,ISLAND,BOT,100,QQQ,160.28,2094573804,0,100,160.28
911002921,0000e22a.5c38d17c.01.01,20190111  18:53:24,IBKRATS,SLD,100,TSLA,345.29,2094573805,0,100,345.29
911002931,0000e22a.5c38d17e.01.01,20190111  18:53:27,EDGEA,SLD,100,QQQ,160.22,2094573806,0,100,160.22
911002956,0000e22a.5c38d18a.01.01,20190111  18:54:00,IBKRATS,SLD,100,TSLA,345.31,2094573807,0,100,345.31
911002968,0000e22a.5c38d191.01.01,20190111  18:54:02,BYX,SLD,100,QQQ,160.25,2094573808,0,100,160.25
911002972,0000e22a.5c38d197.01.01,20190111  18:54:05,ISLAND,SLD,100,TSLA,345.31,2094573809,0,100,345.31
911002979,0000e0d5.5c38df04.01.01,20190111  18:54:06,IEX,SLD,100,AAPL,151.64,2094573810,0,100,151.64
911002998,0000e22a.5c38d1a3.01.01,20190111  18:54:41,BEX,SLD,100,NFLX,336.43,2094573811,0,100,336.43
911003008,0000e22a.5c38d1a4.01.01,20190111  18:54:43,IBKRATS,BOT,100,TSLA,345.55,2094573812,0,100,345.55
911003015,0000e0d5.5c38df5e.01.01,20190111  18:54:46,ISLAND,SLD,100,AAPL,151.64,2094573813,0,100,151.64
911003030,0000e22a.5c38d1a5.01.01,20190111  18:54:50,BYX,SLD,100,QQQ,160.22,2094573814,0,100,160.22
911003034,0000e22a.5c38d1b7.01.01,20190111  18:55:20,IBKRATS,BOT,100,TSLA,345.5,2094573815,0,100,345.5
911003038,0000e22a.5c38d1b8.01.01,20190111  18:55:21,BEX,BOT,100,NFLX,336.54,2094573816,0,100,336.54
911003042,0000e0d5.5c38df7e.01.01,20190111  18:55:23,BEX,BOT,100,AAPL,151.63,2094573817,0,100,151.63
911003046,0000e22a.5c38d1ba.01.01,20190111  18:55:24,EDGEA,BOT,100,QQQ,160.23,2094573818,0,100,160.23
911003068,0000e22a.5c38d1be.01.01,20190111  18:55:26,EDGEA,BOT,100,QQQ,160.23,2094573819,0,100,160.23
911003072,0000e22a.5c38d1ce.01.01,20190111  18:55:57,IBKRATS,BOT,100,TSLA,345.6,2094573820,0,100,345.6
911003079,0000e0d5.5c38df9b.01.01,20190111  18:55:59,BYX,BOT,100,AAPL,151.61,2094573821,0,100,151.61
911003083,0000e22a.5c38d1cf.01.01,20190111  18:56:00,NYSE,BOT,100,QQQ,160.22,2094573822,0,100,160.22
911003108,0000e22a.5c38d216.01.01,20190111  18:56:33,IBKRATS,SLD,100,TSLA,345.34,2094573823,0,100,345.34
911003142,0000e22a.5c38d240.01.01,20190111  18:57:08,IBKRATS,SLD,100,TSLA,345.73,2094573824,0,100,345.73
911003146,0000e22a.5c38d241.01.01,20190111  18:57:09,IBKRATS,SLD,100,NFLX,336.64,2094573825,0,100,336.64
911003150,0000e0d5.5c38dfe5.01.01,20190111  18:57:10,IEX,SLD,100,AAPL,151.67,2094573826,0,100,151.67
911003154,0000e22a.5c38d245.01.01,20190111  18:57:11,BYX,SLD,100,QQQ,160.28,2094573827,0,100,160.28
911003167,0000e22a.5c38d24d.01.01,20190111  18:57:13,BYX,SLD,100,QQQ,160.28,2094573828,0,100,160.28
911003185,0000e22a.5c38d2c8.01.01,20190111  18:57:48,IBKRATS,SLD,100,NFLX,336.85,2094573829,0,100,336.85
911003191,0000e0d5.5c38e004.01.01,20190111  18:57:49,BYX,SLD,100,AAPL,151.61,2094573830,0,100,151.61
911003195,0000e22a.5c38d2c9.01.01,20190111  18:57:49,ARCA,SLD,100,QQQ,160.23,2094573831,0,100,160.23
911003199,0000e22a.5c38d2ca.01.01,20190111  18:57:51,IBKRATS,SLD,100,TSLA,345.71,2094573832,0,100,345.71
911003211,0000e22a.5c38d2cd.01.01,20190111  18:57:55,CHX,SLD,100,QQQ,160.24,2094573833,0,100,160.24
911003226,0000e22a.5c38d30c.01.01,20190111  18:58:29,IBKRATS,BOT,100,TSLA,345.7,2094573834,0,100,345.7
911003230,0000e22a.5c38d312.01.01,20190111  18:58:30,ISLAND,BOT,100,NFLX,337.04,2094573835,0,100,337.04
911003240,0000e22a.5c38d31b.01.01,20190111  18:58:32,IBKRATS,BOT,100,TSLA,345.7,2094573836,0,100,345.7
911003262,0000e22a.5c38d377.01.01,20190111  18:59:07,IBKRATS,BOT,100,TSLA,345.61,2094573837,0,100,345.61
911003266,0000e22a.5c38d378.01.01,20190111  18:59:08,DRCTEDGE,BOT,100,NFLX,337.43,2094573838,0,100,337.43
911003278,0000e22a.5c38d37c.01.01,20190111  18:59:10,IBKRATS,SLD,100,TSLA,345.52,2094573839,0,100,345.52
911003301,0000e22a.5c38d382.01.01,20190111  18:59:12,BYX,SLD,100,QQQ,160.26,2094573840,0,100,160.26
911003317,0000e22a.5c38d3cf.01.01,20190111  18:59:45,IBKRATS,BOT,100,TSLA,345.7,2094573841,0,100,345.7
911003340,0000e22a.5c38d3d0.01.01,20190111  18:59:47,BYX,SLD,100,QQQ,160.25,2094573842,0,100,160.25
911003359,0000e22a.5c38d487.01.01,20190111  19:00:20,IEX,BOT,100,NFLX,337.48,2094573843,0,100,337.48
911003372,0000e0d5.5c38e28a.01.01,20190111  19:00:24,ISLAND,BOT,100,AAPL,151.65,2094573844,0,100,151.65
911003376,0000e22a.5c38d4dd.01.01,20190111  19:00:27,EDGEA,BOT,100,QQQ,160.15,2094573845,0,100,160.15
911003392,0000e22a.5c38d5ab.01.01,20190111  19:00:59,IBKRATS,SLD,100,TSLA,344.67,2094573846,0,100,344.67
911003398,0000e22a.5c38d5ae.01.01,20190111  19:01:00,ISLAND,BOT,100,NFLX,336.9,2094573847,0,100,336.9
911003413,0000e0d5.5c38e3d7.01.01,20190111  19:01:02,BEX,BOT,100,AAPL,151.59,2094573848,0,100,151.59
911003417,0000e22a.5c38d5b6.01.01,20190111  19:01:03,NYSE,BOT,100,QQQ,160.13,2094573849,0,100,160.13
911003421,0000e22a.5c38d5ce.01.01,20190111  19:01:34,IBKRATS,SLD,100,TSLA,344.81,2094573850,0,100,344.81
911003428,0000e0d5.5c38e43f.01.01,20190111  19:01:36,ARCA,BOT,100,AAPL,151.68,2094573851,0,100,151.68
911003435,0000e22a.5c38d5d0.01.01,20190111  19:01:37,IBKRATS,SLD,100,TSLA,344.72,2094573852,0,100,344.72
911003457,0000e22a.5c38d64c.01.01,20190111  19:02:24,IBKRATS,SLD,100,TSLA,345.03,2094573853,0,100,345.03
